"RK",TIERS,"PLAYER NAME",TEAM,"POS","BEST","WORST","AVG.","STD.DEV","ECR VS. ADP"
"1",1,"Josh Allen",BUF,"QB1","1","7","2.1","0.6","-"
"2",1,"Christian McCaffrey",CAR,"RB1","1","10","2.3","2.3","-"
"3",1,"Jonathan Taylor",IND,"RB2","1","6","3.7","1.4","-"
"4",1,"Austin Ekeler",LAC,"RB3","1","22","5.6","2.6","-"
"5",2,"Justin Herbert",LAC,"QB2","2","27","6.8","4.8","-"
"6",2,"Patrick Mahomes II",KC,"QB3","2","30","9.8","6.5","-"
"7",2,"Dalvin Cook",MIN,"RB4","4","34","9.9","5.8","-"
"8",2,"Justin Jefferson",MIN,"WR1","5","16","10.9","3.0","-"
"9",2,"Lamar Jackson",BAL,"QB4","2","28","11.2","5.8","-"
"10",2,"Najee Harris",PIT,"RB5","1","28","11.7","6.5","-"
"11",2,"Cooper Kupp",LAR,"WR2","4","20","11.9","3.3","-"
"12",3,"Derrick Henry",TEN,"RB6","4","37","14.0","8.0","-"
"13",3,"D'Andre Swift",DET,"RB7","6","37","14.9","6.9","-"
"14",3,"Travis Kelce",KC,"TE1","13","40","15.6","5.6","-"
"15",3,"Joe Mixon",CIN,"RB8","5","34","16.1","6.4","-"
"16",3,"Ja'Marr Chase",CIN,"WR3","6","29","16.2","3.3","-"
"17",3,"Kyler Murray",ARI,"QB5","3","36","17.9","8.2","-"
"18",3,"Jalen Hurts",PHI,"QB6","3","45","18.4","7.9","-"
"19",3,"Stefon Diggs",BUF,"WR4","12","26","18.6","3.0","-"
"20",3,"Davante Adams",LV,"WR5","14","44","19.9","3.6","-"
"21",3,"Alvin Kamara",NO,"RB9","6","49","20.6","9.0","-"
"22",4,"Saquon Barkley",NYG,"RB10","4","43","21.6","9.0","-"
"23",4,"Aaron Jones",GB,"RB11","6","46","21.9","8.0","-"
"24",4,"CeeDee Lamb",DAL,"WR6","18","33","22.8","3.2","-"
"25",4,"Mark Andrews",BAL,"TE2","13","63","26.1","7.3","-"
"26",4,"Leonard Fournette",TB,"RB12","10","52","27.1","8.7","-"
"27",4,"Joe Burrow",CIN,"QB7","8","50","27.2","9.4","-"
"28",5,"Mike Evans",TB,"WR7","21","51","32.5","6.6","-"
"29",5,"Tyreek Hill",MIA,"WR8","20","57","33.0","7.2","-"
"30",5,"Keenan Allen",LAC,"WR9","23","58","33.3","7.7","-"
"31",5,"Tom Brady",TB,"QB8","11","59","33.4","9.4","-"
"32",5,"Russell Wilson",DEN,"QB9","6","60","33.6","9.1","-"
"33",5,"Javonte Williams",DEN,"RB13","10","62","33.9","9.2","-"
"34",5,"Deebo Samuel",SF,"WR10","20","57","34.9","8.2","-"
"35",5,"Michael Pittman Jr.",IND,"WR11","23","66","36.3","8.6","-"
"36",5,"Dak Prescott",DAL,"QB10","15","61","36.7","8.6","-"
"37",5,"Nick Chubb",CLE,"RB14","17","51","38.3","6.8","-"
"38",5,"A.J. Brown",PHI,"WR12","22","72","38.4","9.4","-"
"39",5,"Tee Higgins",CIN,"WR13","26","67","39.0","8.8","-"
"40",5,"Trey Lance",SF,"QB11","11","73","41.0","12.7","-"
"41",5,"James Conner",ARI,"RB15","24","75","41.9","8.9","-"
"42",5,"DJ Moore",CAR,"WR14","26","74","42.7","9.9","-"
"43",5,"Kyle Pitts",ATL,"TE3","13","71","43.9","12.3","-"
"44",5,"Ezekiel Elliott",DAL,"RB16","24","75","44.7","9.3","-"
"45",5,"Matthew Stafford",LAR,"QB12","27","69","44.7","7.9","-"
"46",5,"Aaron Rodgers",GB,"QB13","19","63","46.7","9.5","-"
"47",6,"Diontae Johnson",PIT,"WR15","26","74","48.8","10.2","-"
"48",6,"Travis Etienne Jr.",JAC,"RB17","22","81","49.5","11.0","-"
"49",6,"Jaylen Waddle",MIA,"WR16","29","99","51.8","11.3","-"
"50",6,"Breece Hall",NYJ,"RB18","24","84","52.5","11.3","-"
"51",6,"Kirk Cousins",MIN,"QB14","28","77","53.8","8.8","-"
"52",6,"Derek Carr",LV,"QB15","30","82","54.4","8.1","-"
"53",6,"Mike Williams",LAC,"WR17","29","95","55.5","13.5","-"
"54",6,"David Montgomery",CHI,"RB19","28","97","55.6","12.9","-"
"55",6,"Courtland Sutton",DEN,"WR18","31","92","56.5","15.1","-"
"56",6,"Terry McLaurin",WAS,"WR19","35","91","56.5","10.3","-"
"57",6,"Cam Akers",LAR,"RB20","22","100","57.6","13.9","-"
"58",6,"Brandin Cooks",HOU,"WR20","39","91","58.8","11.0","-"
"59",6,"Allen Robinson II",LAR,"WR21","37","101","62.8","13.0","-"
"60",6,"George Kittle",SF,"TE4","39","102","63.8","12.2","-"
"61",7,"J.K. Dobbins",BAL,"RB21","43","99","64.8","11.5","-"
"62",7,"Tua Tagovailoa",MIA,"QB16","45","127","67.0","10.2","-"
"63",7,"DK Metcalf",SEA,"WR22","39","92","67.2","12.0","-"
"64",7,"AJ Dillon",GB,"RB22","47","91","67.2","11.4","-"
"65",7,"Darren Waller",LV,"TE5","40","97","68.2","10.6","-"
"66",7,"Elijah Mitchell",SF,"RB23","43","99","68.5","12.3","-"
"67",7,"Josh Jacobs",LV,"RB24","34","107","68.6","14.4","-"
"68",7,"Justin Fields",CHI,"QB17","36","127","69.1","13.5","-"
"69",7,"Marquise Brown",ARI,"WR23","46","112","72.2","14.2","-"
"70",7,"Trevor Lawrence",JAC,"QB18","44","127","72.3","12.7","-"
"71",7,"Darnell Mooney",CHI,"WR24","44","112","73.0","12.3","-"
"72",7,"Michael Thomas",NO,"WR25","32","137","74.8","19.0","-"
"73",7,"Jerry Jeudy",DEN,"WR26","43","120","76.6","13.5","-"
"74",7,"Rashod Bateman",BAL,"WR27","48","133","76.9","15.3","-"
"75",7,"Amon-Ra St. Brown",DET,"WR28","44","116","76.9","15.1","-"
"76",7,"Chase Edmonds",MIA,"RB25","42","122","77.5","16.4","-"
"77",7,"Chris Godwin",TB,"WR29","39","124","79.0","19.7","-"
"78",7,"Dalton Schultz",DAL,"TE6","40","141","79.6","16.1","-"
"79",7,"JuJu Smith-Schuster",KC,"WR30","53","133","80.8","15.4","-"
"80",7,"Jameis Winston",NO,"QB19","48","136","80.8","15.2","-"
"81",7,"Matt Ryan",IND,"QB20","55","116","80.4","13.4","-"
"82",7,"Clyde Edwards-Helaire",KC,"RB26","55","127","83.6","12.2","-"
"83",7,"Amari Cooper",CLE,"WR31","46","125","84.6","16.2","-"
"84",7,"Antonio Gibson",WAS,"RB27","37","153","84.8","24.1","-"
"85",8,"Kareem Hunt",CLE,"RB28","55","129","85.7","14.1","-"
"86",8,"Elijah Moore",NYJ,"WR32","47","132","88.3","15.4","-"
"87",8,"Tony Pollard",DAL,"RB29","52","122","88.6","14.5","-"
"88",8,"Miles Sanders",PHI,"RB30","52","134","89.8","13.6","-"
"89",8,"Gabriel Davis",BUF,"WR33","53","123","90.4","16.7","-"
"90",8,"Ryan Tannehill",TEN,"QB21","60","149","90.3","17.1","-"
"91",8,"Damien Harris",NE,"RB31","59","131","94.1","11.9","-"
"92",8,"Adam Thielen",MIN,"WR34","68","124","95.1","14.8","-"
"93",8,"T.J. Hockenson",DET,"TE7","63","123","95.4","12.3","-"
"94",8,"Rhamondre Stevenson",NE,"RB32","47","131","95.4","15.4","-"
"95",8,"Daniel Jones",NYG,"QB22","62","157","95.7","19.5","-"
"96",8,"Cordarrelle Patterson",ATL,"RB33","40","140","95.9","17.9","-"
"97",8,"Dallas Goedert",PHI,"TE8","64","150","96.2","14.0","-"
"98",8,"Rashaad Penny",SEA,"RB34","57","153","96.9","15.2","-"
"99",8,"Mac Jones",NE,"QB23","63","140","94.9","15.6","-"
"100",8,"Devin Singletary",BUF,"RB35","49","143","99.7","14.0","-"
"101",8,"Hunter Renfrow",LV,"WR35","66","146","104.5","16.9","-"
"102",8,"Brandon Aiyuk",SF,"WR36","57","132","104.9","16.5","-"
"103",8,"Melvin Gordon III",DEN,"RB36","70","132","105.4","13.0","-"
"104",8,"Drake London",ATL,"WR37","67","168","105.4","18.1","-"
"105",8,"DeVonta Smith",PHI,"WR38","74","137","106.2","14.4","-"
"106",8,"Zach Ertz",ARI,"TE9","84","153","107.4","12.7","-"
"107",8,"Christian Kirk",JAC,"WR39","71","143","109.6","14.7","-"
"108",9,"Carson Wentz",WAS,"QB24","65","155","108.0","18.2","-"
"109",9,"Allen Lazard",GB,"WR40","72","160","111.8","18.6","-"
"110",9,"Tyler Lockett",SEA,"WR41","79","143","112.7","13.1","-"
"111",9,"Dameon Pierce",HOU,"RB37","56","260","113.5","29.6","-"
"112",9,"James Cook",BUF,"RB38","78","180","114.3","17.0","-"
"113",9,"Zach Wilson",NYJ,"QB25","65","152","107.9","21.5","-"
"114",9,"Jared Goff",DET,"QB26","61","152","108.7","19.5","-"
"115",9,"Ken Walker III",SEA,"RB39","62","160","116.8","19.7","-"
"116",9,"Robert Woods",TEN,"WR42","74","192","118.0","17.4","-"
"117",9,"DeAndre Hopkins",ARI,"WR43","87","166","118.3","14.8","-"
"118",9,"Kadarius Toney",NYG,"WR44","82","174","120.9","14.6","-"
"119",9,"Pat Freiermuth",PIT,"TE10","85","168","121.6","17.6","-"
"120",9,"Nyheim Hines",IND,"RB40","98","171","122.6","16.0","-"
"121",9,"Michael Carter",NYJ,"RB41","80","173","123.6","18.4","-"
"122",9,"Cole Kmet",CHI,"TE11","85","179","124.8","21.9","-"
"123",9,"Dawson Knox",BUF,"TE12","83","184","126.2","20.8","-"
"124",9,"Baker Mayfield",CAR,"QB27","72","157","119.8","21.1","-"
"125",9,"Davis Mills",HOU,"QB28","63","151","118.6","17.5","-"
"126",9,"Darrell Henderson Jr.",LAR,"RB42","89","176","130.5","17.6","-"
"127",9,"Chase Claypool",PIT,"WR45","92","187","132.5","14.9","-"
"128",9,"Chris Olave",NO,"WR46","95","200","130.9","16.1","-"
"129",9,"Treylon Burks",TEN,"WR47","83","208","134.4","24.1","-"
"130",9,"Kenneth Gainwell",PHI,"RB43","80","182","136.3","21.9","-"
"131",9,"James Robinson",JAC,"RB44","79","205","136.4","24.3","-"
"132",9,"Tyler Boyd",CIN,"WR48","113","197","136.8","15.3","-"
"133",9,"Garrett Wilson",NYJ,"WR49","110","234","137.9","19.1","-"
"134",9,"Russell Gage",TB,"WR50","111","208","137.9","21.0","-"
"135",9,"Jakobi Meyers",NE,"WR51","115","197","138.2","16.3","-"
"136",9,"Alexander Mattison",MIN,"RB45","107","174","138.2","14.4","-"
"137",9,"J.D. McKissic",WAS,"RB46","103","208","138.7","22.0","-"
"138",9,"Skyy Moore",KC,"WR52","90","222","142.2","22.4","-"
"139",10,"Mike Gesicki",MIA,"TE13","107","211","148.5","22.2","-"
"140",10,"Marcus Mariota",ATL,"QB29","72","155","128.5","20.2","-"
"141",10,"Hunter Henry",NE,"TE14","110","185","150.3","16.1","-"
"142",10,"DeVante Parker",NE,"WR53","116","216","150.8","22.2","-"
"143",10,"Jarvis Landry",NO,"WR54","123","221","153.0","18.4","-"
"144",10,"Rondale Moore",ARI,"WR55","98","200","153.2","21.4","-"
"145",10,"Marquez Valdes-Scantling",KC,"WR56","121","216","155.2","20.6","-"
"146",10,"Jamaal Williams",DET,"RB47","128","215","155.8","18.6","-"
"147",10,"Irv Smith Jr.",MIN,"TE15","108","242","157.0","24.1","-"
"148",10,"Brian Robinson Jr.",WAS,"RB48","97","271","153.6","35.0","-"
"149",10,"George Pickens",PIT,"WR57","94","263","156.8","34.4","-"
"150",10,"Khalil Herbert",CHI,"RB49","102","221","158.7","23.6","-"
"151",10,"Albert Okwuegbunam",DEN,"TE16","108","242","157.8","23.2","-"
"152",10,"Noah Fant",SEA,"TE17","109","235","160.4","19.3","-"
"153",10,"Michael Gallup",DAL,"WR58","114","220","161.2","27.3","-"
"154",10,"Isaiah Spiller",LAC,"RB50","105","258","161.3","28.7","-"
"155",10,"David Njoku",CLE,"TE18","109","246","160.3","23.8","-"
"156",10,"Kenny Golladay",NYG,"WR59","124","226","162.3","23.6","-"
"157",10,"DJ Chark Jr.",DET,"WR60","125","218","162.8","18.8","-"
"158",10,"Rachaad White",TB,"RB51","98","272","161.4","32.3","-"
"159",10,"Tyler Allgeier",ATL,"RB52","118","248","162.0","26.0","-"
"160",10,"Deshaun Watson",CLE,"QB30","61","161","126.3","26.8","-"
"161",10,"Julio Jones",TB,"WR61","117","256","162.8","28.0","-"
"162",10,"Raheem Mostert",MIA,"RB53","128","244","166.7","19.9","-"
"163",10,"Mitch Trubisky",PIT,"QB31","78","160","138.7","17.2","-"
"164",10,"Jahan Dotson",WAS,"WR62","120","236","165.5","25.2","-"
"165",10,"Gerald Everett",LAC,"TE19","118","231","170.7","16.7","-"
"166",10,"Tyler Higbee",LAR,"TE20","115","211","171.7","14.0","-"
"167",10,"Robert Tonyan",GB,"TE21","103","226","171.9","20.7","-"
"168",10,"Nico Collins",HOU,"WR63","116","223","171.9","25.8","-"
"169",10,"Evan Engram",JAC,"TE22","117","261","175.2","21.2","-"
"170",10,"Austin Hooper",TEN,"TE23","115","234","177.0","20.3","-"
"171",10,"Corey Davis",NYJ,"WR64","142","232","179.7","18.6","-"
"172",10,"Robbie Anderson",CAR,"WR65","135","235","181.4","20.8","-"
"173",10,"Joshua Palmer",LAC,"WR66","125","235","180.8","24.0","-"
"174",11,"Mecole Hardman",KC,"WR67","123","278","182.9","24.2","-"
"175",11,"Marlon Mack",HOU,"RB54","133","278","183.7","26.1","-"
"176",11,"Darrel Williams",ARI,"RB55","107","308","182.3","37.7","-"
"177",11,"Mark Ingram II",NO,"RB56","131","267","185.4","25.3","-"
"178",11,"K.J. Osborn",MIN,"WR68","126","250","185.9","23.0","-"
"179",11,"Marvin Jones Jr.",JAC,"WR69","120","263","188.5","22.9","-"
"180",11,"Van Jefferson",LAR,"WR70","137","250","188.9","19.4","-"
"181",11,"Logan Thomas",WAS,"TE24","114","251","190.4","25.1","-"
"182",11,"Jameson Williams",DET,"WR71","142","274","190.5","22.3","-"
"183",11,"Gus Edwards",BAL,"RB57","121","310","191.7","33.1","-"
"184",11,"D'Onta Foreman",CAR,"RB58","139","284","190.7","25.0","-"
"185",11,"Hayden Hurst",CIN,"TE25","149","243","192.3","20.4","-"
"186",11,"Zamir White",LV,"RB59","139","273","193.6","31.7","-"
"187",11,"Sony Michel",MIA,"RB60","130","264","187.0","27.5","-"
"188",11,"Ronald Jones II",KC,"RB61","105","310","187.9","50.1","-"
"189",11,"Wan'Dale Robinson",NYG,"WR72","139","287","195.2","27.5","-"
"190",11,"Christian Watson",GB,"WR73","117","263","195.4","28.7","-"
"191",11,"Jalen Tolbert",DAL,"WR74","120","309","189.2","40.4","-"
"192",11,"Jamison Crowder",BUF,"WR75","137","312","199.8","25.0","-"
"193",11,"Parris Campbell",IND,"WR76","137","250","202.0","21.1","-"
"194",11,"KJ Hamler",DEN,"WR77","142","276","202.6","24.7","-"
"195",11,"Curtis Samuel",WAS,"WR78","138","249","204.2","16.6","-"
"196",11,"Isiah Pacheco",KC,"RB62","102","324","176.9","47.0","-"
"197",11,"Isaiah McKenzie",BUF,"WR79","122","264","196.0","41.3","-"
"198",11,"Samaje Perine",CIN,"RB63","153","284","203.9","24.7","-"
"199",11,"Donovan Peoples-Jones",CLE,"WR80","164","252","206.2","13.4","-"
"200",11,"Brevin Jordan",HOU,"TE26","117","264","201.1","24.3","-"
"201",11,"Kendrick Bourne",NE,"WR81","145","273","204.6","20.4","-"
"202",11,"Sterling Shepard",NYG,"WR82","147","311","204.8","30.4","-"
"203",11,"David Bell",CLE,"WR83","148","268","207.2","22.8","-"
"204",11,"Alec Pierce",IND,"WR84","125","310","204.2","29.1","-"
"205",11,"Chuba Hubbard",CAR,"RB64","143","329","209.1","33.3","-"
"206",11,"A.J. Green",ARI,"WR85","147","282","213.6","18.4","-"
"207",11,"Boston Scott",PHI,"RB65","153","301","212.8","28.9","-"
"208",11,"Drew Lock",SEA,"QB32","114","169","154.0","8.7","-"
"209",11,"Damien Williams",ATL,"RB66","160","278","211.4","25.9","-"
"210",11,"Jonnu Smith",NE,"TE27","176","283","219.8","21.6","-"
"211",11,"Tyrion Davis-Price",SF,"RB67","133","325","208.4","37.8","-"
"212",11,"Laviska Shenault Jr.",JAC,"WR86","168","277","213.7","21.7","-"
"213",11,"Kenny Pickett",PIT,"QB33","100","161","150.7","11.6","-"
"214",12,"Jerick McKinnon",KC,"RB68","132","298","214.9","31.0","-"
"215",12,"D'Ernest Johnson",CLE,"RB69","159","302","216.4","24.3","-"
"216",12,"Terrace Marshall Jr.",CAR,"WR87","167","322","220.1","23.8","-"
"217",12,"Romeo Doubs",GB,"WR88","116","317","191.5","41.0","-"
"218",12,"Zay Jones",JAC,"WR89","170","270","218.8","18.1","-"
"219",12,"Mo Alie-Cox",IND,"TE28","168","283","217.6","24.8","-"
"220",12,"Jeff Wilson Jr.",SF,"RB70","153","299","221.6","28.4","-"
"221",12,"Byron Pringle",CHI,"WR90","180","267","222.3","16.7","-"
"222",12,"Trey Sermon",SF,"RB71","163","324","219.3","30.9","-"
"223",12,"Braxton Berrios",NYJ,"WR91","167","317","223.9","23.5","-"
"224",12,"Kenyan Drake",FA,"RB72","153","315","211.0","36.7","-"
"225",12,"Adam Trautman",NO,"TE29","177","296","226.9","26.6","-"
"226",12,"Mike Davis",BAL,"RB73","139","307","225.7","30.1","-"
"227",12,"Rex Burkhead",HOU,"RB74","155","300","227.0","28.7","-"
"228",12,"Bryan Edwards",ATL,"WR92","189","314","229.3","19.0","-"
"229",12,"Randall Cobb",GB,"WR93","166","299","228.8","22.9","-"
"230",12,"Zack Moss",BUF,"RB75","171","325","229.8","30.1","-"
"231",12,"Sammy Watkins",GB,"WR94","164","290","228.2","26.9","-"
"232",12,"Jacoby Brissett",CLE,"QB34","109","161","149.2","9.8","-"
"233",12,"Myles Gaskin",MIA,"RB76","143","314","226.2","42.9","-"
"234",12,"Dan Arnold",JAC,"TE30","178","330","235.5","24.9","-"
"235",12,"C.J. Uzomah",NYJ,"TE31","176","295","235.4","21.1","-"
"236",12,"Cedrick Wilson Jr.",MIA,"WR95","189","313","234.9","20.9","-"
"237",12,"Nelson Agholor",NE,"WR96","190","316","236.0","21.9","-"
"238",12,"Jimmy Garoppolo",SF,"QB35","124","166","152.3","8.0","-"
"239",12,"Cameron Brate",TB,"TE32","161","286","223.9","26.9","-"
"240",12,"Matt Breida",NYG,"RB77","170","316","239.9","27.6","-"
"241",12,"Eno Benjamin",ARI,"RB78","160","303","233.1","38.7","-"
"242",12,"Marquez Callaway",NO,"WR97","197","333","237.4","28.3","-"
"243",12,"William Fuller V",FA,"WR98","179","318","221.3","28.4","-"
"244",12,"Chris Evans",CIN,"RB79","131","304","223.5","39.5","-"
"245",12,"Odell Beckham Jr.",FA,"WR99","159","315","228.8","31.3","-"
"246",12,"Trey McBride",ARI,"TE33","190","328","245.9","23.7","-"
"247",12,"Hassan Haskins",TEN,"RB80","171","301","246.3","31.1","-"
"248",12,"O.J. Howard",BUF,"TE34","195","331","251.6","28.6","-"
"249",12,"Geno Smith",SEA,"QB36","120","161","152.7","7.9","-"
"250",12,"Josh Reynolds",DET,"WR100","202","314","251.3","23.4","-"
"251",12,"Tre'Quan Smith",NO,"WR101","203","323","245.9","28.7","-"
"252",12,"Quez Watkins",PHI,"WR102","204","308","253.6","17.4","-"
"253",12,"Ke'Shawn Vaughn",TB,"RB81","215","327","257.4","18.8","-"
"254",12,"Joshua Kelley",LAC,"RB82","178","321","252.1","31.7","-"
"255",12,"Darius Slayton",NYG,"WR103","197","328","252.1","25.6","-"
"256",12,"Phillip Lindsay",IND,"RB83","181","330","255.2","25.0","-"
"257",13,"Kyle Rudolph",TB,"TE35","159","295","239.2","30.1","-"
"258",13,"Giovani Bernard",TB,"RB84","181","319","256.0","27.3","-"
"259",13,"Ty Johnson",NYJ,"RB85","181","329","246.5","29.2","-"
"260",13,"Jalen Reagor",PHI,"WR104","198","330","256.6","25.3","-"
"261",13,"Velus Jones Jr.",CHI,"WR105","188","312","241.2","26.8","-"
"262",13,"Kyren Williams",LAR,"RB86","174","325","261.2","29.3","-"
"263",13,"Pierre Strong Jr.",NE,"RB87","197","324","258.9","25.6","-"
"264",13,"Dontrell Hilliard",TEN,"RB88","139","325","228.0","45.7","-"
"265",13,"Greg Dulcich",DEN,"TE36","182","294","247.4","24.4","-"
"266",13,"Dyami Brown",WAS,"WR106","205","323","262.6","21.1","-"
"267",13,"Devin Duvernay",BAL,"WR107","188","312","235.6","26.9","-"
"268",13,"Nick Westbrook-Ikhine",TEN,"WR108","193","304","236.0","28.7","-"
"269",13,"Daniel Bellinger",NYG,"TE37","181","305","241.4","24.6","-"
"270",13,"Tyler Conklin",NYJ,"TE38","181","301","244.1","24.2","-"
"271",13,"Quintez Cephus",DET,"WR109","212","331","260.6","25.1","-"
"272",13,"Justin Jackson",DET,"RB89","182","321","250.7","32.2","-"
"273",13,"Darrynton Evans",CHI,"RB90","214","330","263.8","25.0","-"
"274",13,"Harrison Bryant",CLE,"TE39","201","294","249.6","25.7","-"
"275",13,"Emmanuel Sanders",FA,"WR110","190","320","245.5","29.3","-"
"276",13,"Sam Darnold",CAR,"QB37","148","207","161.3","9.2","-"
"277",13,"Ameer Abdullah",LV,"RB91","134","329","217.4","47.5","-"
"278",13,"Kyle Philips",TEN,"WR111","186","321","244.2","32.0","-"
"279",13,"Duke Johnson Jr.",BUF,"RB92","237","328","274.0","19.4","-"
"280",13,"Tyler Badie",BAL,"RB93","175","327","255.2","36.3","-"
"281",13,"Salvon Ahmed",MIA,"RB94","208","319","263.4","22.0","-"
"282",13,"Cole Beasley",FA,"WR112","169","316","246.2","29.1","-"
"283",13,"Tommy Tremble",CAR,"TE40","225","312","257.9","21.6","-"
"284",13,"Tevin Coleman",NYJ,"RB95","217","322","278.7","19.1","-"
"285",13,"Jerome Ford",CLE,"RB96","217","330","275.1","19.7","-"
"286",13,"Snoop Conner",JAC,"RB97","208","322","266.1","28.0","-"
"287",13,"Donald Parham Jr.",LAC,"TE41","223","331","268.6","23.4","-"
"288",13,"James Proche II",BAL,"WR113","198","309","254.0","27.3","-"
"289",13,"Isaiah Likely",BAL,"TE42","171","331","257.6","38.9","-"
"290",13,"Anthony Firkser",ATL,"TE43","212","310","271.0","27.1","-"
"291",13,"Jalen Guyton",LAC,"WR114","205","322","261.8","25.4","-"
"292",13,"Jared Cook",FA,"TE44","191","329","250.0","29.8","-"
"293",13,"Jaret Patterson",WAS,"RB98","231","330","281.1","21.1","-"
"294",13,"David Johnson",FA,"RB99","186","320","257.9","30.4","-"
"295",13,"Jelani Woods",IND,"TE45","228","330","271.1","26.0","-"
"296",13,"Tyquan Thornton",NE,"WR115","207","332","261.6","32.8","-"
"297",13,"Foster Moreau",LV,"TE46","216","328","274.3","27.1","-"
"298",13,"Ty Montgomery",NE,"RB100","175","330","234.6","37.8","-"
"299",13,"Khalil Shakir",BUF,"WR116","206","320","267.9","29.9","-"
"300",13,"T.Y. Hilton",FA,"WR117","236","323","268.9","23.1","-"
"301",14,"Olamide Zaccheaus",ATL,"WR118","207","330","261.2","29.6","-"
"302",14,"Malcolm Brown",FA,"RB101","239","318","275.3","17.1","-"
"303",14,"James Washington",DAL,"WR119","196","317","270.9","30.7","-"
"304",14,"Jaylen Warren",PIT,"RB102","179","329","254.9","34.4","-"
"305",14,"Danny Gray",SF,"WR120","197","323","266.5","40.0","-"
"306",14,"Cade Otton",TB,"TE47","216","328","273.5","27.4","-"
"307",14,"Amari Rodgers",GB,"WR121","215","332","276.2","31.0","-"
"308",14,"Desmond Ridder",ATL,"QB38","139","182","157.0","9.4","-"
"309",14,"DeeJay Dallas",SEA,"RB103","223","329","276.1","29.6","-"
"310",14,"Demarcus Robinson",BAL,"WR122","235","333","275.0","29.4","-"
"311",14,"Calvin Austin III",PIT,"WR123","233","327","271.7","24.9","-"
"312",14,"Devontae Booker",FA,"RB104","244","324","277.7","18.5","-"
"313",14,"Keaontay Ingram",ARI,"RB105","228","325","277.0","28.1","-"
"314",14,"John Bates",WAS,"TE48","223","326","272.5","25.7","-"
"315",14,"Latavius Murray",FA,"RB106","247","318","273.4","14.6","-"
"316",14,"John Metchie III",HOU,"WR124","214","312","240.5","22.2","-"
"317",14,"Jauan Jennings",SF,"WR125","222","332","272.6","28.4","-"
"318",14,"Rashard Higgins",CAR,"WR126","211","327","269.0","35.0","-"
"319",14,"Kylen Granson",IND,"TE49","218","330","287.7","25.3","-"
"320",14,"Devonta Freeman",FA,"RB107","256","330","278.6","17.0","-"
"321",14,"Anthony Schwartz",CLE,"WR127","242","332","273.8","21.3","-"
"322",14,"Tyler Johnson",TB,"WR128","237","333","283.1","23.7","-"
"323",14,"Noah Brown",DAL,"WR129","195","332","265.8","34.5","-"
"324",14,"Chris Conley",HOU,"WR130","203","327","261.6","34.0","-"
"325",14,"Wayne Gallman Jr.",FA,"RB108","234","314","273.7","15.5","-"
"326",14,"Laquon Treadwell",JAC,"WR131","241","333","276.0","26.4","-"
"327",14,"Travis Homer",SEA,"RB109","190","319","258.3","32.0","-"
"328",14,"Dee Eskridge",SEA,"WR132","256","332","284.8","25.8","-"
"329",14,"Josiah Deguara",GB,"TE50","191","331","287.8","26.5","-"
"330",14,"Kene Nwangwu",MIN,"RB110","215","329","282.2","28.8","-"
"331",14,"Taysom Hill",NO,"TE51","140","289","212.3","56.8","-"
"332",14,"Equanimeous St. Brown",CHI,"WR133","240","328","286.3","25.7","-"
"333",14,"Ashton Dulin",IND,"WR134","220","316","274.1","28.1","-"
"334",14,"Teddy Bridgewater",MIA,"QB39","150","209","164.1","18.6","-"
"335",14,"Brandon Bolden",LV,"RB111","186","314","268.4","33.9","-"
"336",14,"Deonte Harty",NO,"WR135","227","317","277.9","28.2","-"
"337",14,"Trestan Ebner",CHI,"RB112","215","330","268.9","34.7","-"
"338",14,"Pharaoh Brown",HOU,"TE52","255","313","283.2","16.5","-"
"339",14,"Benny Snell Jr.",PIT,"RB113","239","329","289.8","24.9","-"
"340",14,"Malik Willis",TEN,"QB40","155","214","166.5","21.3","-"
"341",14,"Antonio Brown",FA,"WR136","238","327","270.3","29.2","-"
"342",14,"Derrick Gore",KC,"RB114","262","325","298.8","21.8","-"
"343",14,"Tutu Atwell",LAR,"WR137","242","333","284.4","25.8","-"
"344",14,"Zach Pascal",PHI,"WR138","251","326","290.0","23.6","-"
"345",14,"Abram Smith",NO,"RB115","237","324","283.5","29.3","-"
"346",14,"Craig Reynolds",DET,"RB116","260","330","295.5","20.5","-"
"347",14,"Keelan Cole Sr.",LV,"WR139","234","318","283.8","24.8","-"
"348",14,"Tylan Wallace",BAL,"WR140","262","333","296.6","22.8","-"
"349",14,"Kyle Juszczyk",SF,"RB117","193","299","260.3","29.6","-"
"350",14,"Geoff Swaim",TEN,"TE53","249","310","283.1","18.3","-"
"351",14,"Juwan Johnson",NO,"TE54","272","331","297.3","18.7","-"
"352",14,"Tony Jones Jr.",NO,"RB118","247","325","285.4","22.6","-"
"353",15,"Will Dissly",SEA,"TE55","245","331","294.8","19.3","-"
"354",15,"Freddie Swain",SEA,"WR141","241","333","285.9","26.1","-"
"355",15,"Mack Hollins",LV,"WR142","223","322","259.8","31.3","-"
"356",15,"Tyler Huntley",BAL,"QB41","77","192","141.3","47.9","-"
"357",15,"Ty Chandler",MIN,"RB119","208","323","262.0","35.3","-"
"358",15,"Eric Ebron",FA,"TE56","231","328","282.2","33.0","-"
"359",15,"Anthony McFarland Jr.",PIT,"RB120","270","320","293.9","17.3","-"
"360",15,"Jamal Agnew",JAC,"WR143","260","326","289.2","21.8","-"
"361",15,"N'Keal Harry",CHI,"WR144","235","308","285.1","20.9","-"
"362",15,"Justin Watson",KC,"WR145","235","323","274.1","28.1","-"
"363",15,"Kalif Raymond",DET,"WR146","258","322","287.7","21.7","-"
"364",15,"Jeremy Ruckert",NYJ,"TE57","276","331","306.5","15.4","-"
"365",15,"Tarik Cohen",FA,"RB121","262","283","272.0","6.3","-"
"366",15,"Kevin Harris",NE,"RB122","266","319","294.7","16.6","-"
"367",15,"Demetric Felton Jr.",CLE,"RB123","248","325","281.3","25.1","-"
"368",15,"Auden Tate",FA,"WR147","255","317","287.4","20.0","-"
"369",15,"Mike Boone",DEN,"RB124","254","325","287.7","20.7","-"
"370",15,"Blake Jarwin",FA,"TE58","237","313","275.9","27.1","-"
"371",15,"Ben Skowronek",LAR,"WR148","253","312","283.1","17.2","-"
"372",15,"Carlos Hyde",FA,"RB125","245","285","267.3","12.2","-"
"373",15,"Chris Herndon IV",FA,"TE59","233","308","277.9","29.4","-"
"374",15,"Ihmir Smith-Marsette",MIN,"WR149","258","319","298.4","20.7","-"
"375",15,"Phillip Dorsett II",HOU,"WR150","254","324","290.9","22.5","-"
"376",15,"Denzel Mims",NYJ,"WR151","261","332","295.3","20.1","-"
"377",15,"Durham Smythe",MIA,"TE60","274","312","299.1","11.6","-"
"378",15,"Antoine Wesley",ARI,"WR152","257","332","292.4","23.5","-"
"379",15,"Ian Thomas",CAR,"TE61","283","320","297.2","9.4","-"
"380",15,"Joe Flacco",NYJ,"QB42","158","160","159.0","1.0","-"
"381",15,"Jake Ferguson",DAL,"TE62","269","326","307.5","16.1","-"
"382",15,"Dare Ogunbowale",HOU,"RB126","241","329","286.7","24.9","-"
"383",15,"JaMycal Hasty",SF,"RB127","262","329","302.3","18.6","-"
"384",15,"Jordan Akins",NYG,"TE63","251","324","299.4","24.3","-"
"385",15,"Tyrell Williams",FA,"WR153","232","323","282.3","36.1","-"
"386",15,"Simi Fehoko",DAL,"WR154","247","332","298.1","27.4","-"
"387",15,"Kylin Hill",GB,"RB128","294","328","305.9","11.0","-"
"388",15,"James O'Shaughnessy",CHI,"TE64","267","326","299.3","19.0","-"
"389",15,"Justice Hill",BAL,"RB129","244","329","296.3","27.0","-"
"390",15,"Julius Chestnut",TEN,"RB130","215","293","269.0","31.5","-"
"391",15,"Jeremy McNichols",PIT,"RB131","268","321","290.7","21.1","-"
"392",15,"DeSean Jackson",FA,"WR155","251","324","282.4","28.8","-"
"393",15,"Chris Moore",HOU,"WR156","264","318","282.8","20.1","-"
"394",15,"Chigoziem Okonkwo",TEN,"TE65","270","326","302.5","18.7","-"
"395",15,"Kennedy Brooks",PHI,"RB132","260","324","292.3","23.5","-"
"396",15,"Le'Veon Bell",FA,"RB133","266","324","285.6","19.9","-"
"397",15,"Jordan Mason",SF,"RB134","232","315","274.8","30.1","-"
"398",15,"Royce Freeman",HOU,"RB135","215","314","275.0","38.4","-"
"399",15,"Jimmy Graham",FA,"TE66","249","326","294.7","26.0","-"
"400",15,"Jalen Wydermyer",NE,"TE67","227","326","275.5","41.1","-"
"401",15,"Gary Brightwell",NYG,"RB136","246","270","258.3","9.8","-"
"402",15,"Justyn Ross",KC,"WR157","260","317","288.6","22.1","-"
"403",15,"Jashaun Corbin",NYG,"RB137","265","298","279.5","12.0","-"
"404",15,"Jordan Howard",FA,"RB138","270","308","282.3","15.1","-"
"405",15,"Qadree Ollison",ATL,"RB139","268","330","292.6","22.5","-"
"406",15,"Jermar Jefferson",DET,"RB140","247","325","295.2","29.9","-"
"407",15,"Jacob Harris",LAR,"TE68","273","306","286.8","13.0","-"
"408",15,"Ryan Griffin",CHI,"TE69","283","319","307.0","11.7","-"
"409",15,"Larry Rountree III",LAC,"RB141","276","317","296.4","16.1","-"
"410",15,"Ryquell Armstead",JAC,"RB142","258","329","297.2","27.2","-"
"411",15,"Dennis Houston",DAL,"WR158","231","254","242.5","11.5","-"
"412",15,"Sam Howell",WAS,"QB43","158","158","158.0","0.0","-"
"413",15,"DeAndre Carter",LAC,"WR159","247","327","290.0","29.7","-"
"414",15,"Jonathan Ward",ARI,"RB143","272","287","277.0","7.1","-"
"415",15,"Patrick Ricard",BAL,"RB144","244","303","281.7","26.7","-"
"416",15,"Tyler Kroft",SF,"TE70","265","331","295.3","23.5","-"
"417",15,"Tajae Sharpe",CHI,"WR160","243","317","282.7","30.4","-"
"418",15,"Montrell Washington",DEN,"WR161","258","328","308.3","24.0","-"
"419",15,"Maxx Williams",ARI,"TE71","294","314","304.4","7.1","-"
"420",15,"Blake Bell",KC,"TE72","283","326","306.6","17.0","-"
"421",15,"Tyler Davis",GB,"TE73","282","327","300.0","17.4","-"
"422",15,"Tyrod Taylor",NYG,"QB44","199","199","199.0","0.0","-"
"423",15,"Dez Fitzpatrick",TEN,"WR162","286","314","300.8","10.0","-"
"424",15,"C.J. Ham",MIN,"RB145","272","318","290.0","20.1","-"
"425",16,"Gardner Minshew II",PHI,"QB45","219","219","219.0","0.0","-"
"426",16,"Antonio Williams",NYG,"RB146","222","222","222.0","0.0","-"
"427",16,"Elijah McGuire",FA,"RB147","223","223","223.0","0.0","-"
"428",16,"Noah Gray",KC,"TE74","275","325","311.8","18.7","-"
"429",16,"Erik Ezukanma",MIA,"WR163","229","229","229.0","0.0","-"
"430",16,"Miles Boykin",PIT,"WR164","283","333","307.8","22.4","-"
"431",16,"Zach Gentry",PIT,"TE75","296","315","307.8","7.4","-"
"432",16,"Case Keenum",BUF,"QB46","230","230","230.0","0.0","-"
"433",16,"Taylor Heinicke",WAS,"QB47","231","231","231.0","0.0","-"
"434",16,"Ray-Ray McCloud",SF,"WR165","288","333","313.4","17.5","-"
"435",16,"Jordan Love",GB,"QB48","232","232","232.0","0.0","-"
"436",16,"Andy Dalton",NO,"QB49","233","233","233.0","0.0","-"
"437",16,"Keith Smith",ATL,"RB148","285","285","285.0","0.0","-"
"438",16,"Rico Dowdle",DAL,"RB149","271","330","309.8","22.8","-"
"439",16,"Brandon Zylstra",CAR,"WR166","282","290","286.0","4.0","-"
"440",16,"Trent Sherfield",MIA,"WR167","290","323","303.0","14.3","-"
"441",16,"ZaQuandre White",MIA,"RB150","243","243","243.0","0.0","-"
"442",16,"Nick Boyle",BAL,"TE76","287","327","303.7","17.0","-"
"443",16,"Cole Turner",WAS,"TE77","269","328","304.0","25.3","-"
"444",16,"Mike Thomas",CIN,"WR168","293","327","304.3","16.0","-"
"445",16,"Jaelon Darden",TB,"WR169","246","246","246.0","0.0","-"
"446",16,"Marcedes Lewis",GB,"TE78","262","328","305.7","30.9","-"
"447",16,"Cyril Grayson Jr.",FA,"WR170","304","325","313.5","8.4","-"
"448",16,"Brycen Hopkins",LAR,"TE79","254","254","254.0","0.0","-"
"449",16,"Godwin Igwebuike",DET,"RB151","267","321","294.0","27.0","-"
"450",16,"Tyler Goodson",GB,"RB152","298","324","307.3","11.8","-"
"451",16,"Damoun Patterson",FA,"WR171","255","255","255.0","0.0","-"
"452",16,"Alec Ingold",MIA,"RB153","285","304","294.5","9.5","-"
"453",16,"Hunter Long",MIA,"TE80","295","315","307.7","9.0","-"
"454",16,"Jody Fortson",KC,"WR172","260","260","260.0","0.0","-"
"455",16,"Johnny Mundt",MIN,"TE81","297","320","310.0","9.6","-"
"456",16,"Drew Sample",CIN,"TE82","316","326","319.6","3.5","-"
"457",16,"Jake Funk",LAR,"RB154","263","263","263.0","0.0","-"
"458",16,"Breshad Perriman",TB,"WR173","290","309","299.5","9.5","-"
"459",16,"Damiere Byrd",ATL,"WR174","293","331","311.0","15.6","-"
"460",16,"David Sills V",NYG,"WR175","266","266","266.0","0.0","-"
"461",16,"Tre' McKitty",LAC,"TE83","301","320","312.0","8.0","-"
"462",16,"Bo Melton",SEA,"WR176","292","333","312.3","16.7","-"
"463",16,"Ross Dwelley",SF,"TE84","297","331","313.3","13.9","-"
"464",16,"Samori Toure",GB,"WR177","273","273","273.0","0.0","-"
"465",16,"Kendall Hinton",DEN,"WR178","290","317","303.5","13.5","-"
"466",16,"D'Vonte Price",IND,"RB155","275","275","275.0","0.0","-"
"467",16,"Preston Williams",MIA,"WR179","316","323","319.3","3.3","-"
"468",16,"Josh Gordon",KC,"WR180","293","317","305.0","12.0","-"
"469",16,"Lance McCutcheon",LAR,"WR181","277","277","277.0","0.0","-"
"470",16,"Charlie Kolar",BAL,"TE85","300","311","305.5","5.5","-"
"471",16,"Colby Parkinson",SEA,"TE86","301","310","305.5","4.5","-"
"472",16,"Devin Asiasi",NE,"TE87","278","278","278.0","0.0","-"
"473",16,"Pooka Williams Jr.",FA,"RB156","278","278","278.0","0.0","-"
"474",16,"Chester Rogers",HOU,"WR182","290","322","306.0","16.0","-"
"475",16,"James Mitchell",DET,"TE88","279","279","279.0","0.0","-"
"476",16,"Marcus Johnson",SF,"WR183","303","311","307.0","4.0","-"
"477",16,"Bisi Johnson",MIN,"WR184","308","312","310.0","2.0","-"
"478",16,"Dazz Newsome",FA,"WR185","289","289","289.0","0.0","-"
"479",16,"Marquise Goodwin",SEA,"WR186","292","292","292.0","0.0","-"
"480",16,"Davion Davis",FA,"WR187","292","292","292.0","0.0","-"
"481",16,"Scotty Miller",TB,"WR188","292","292","292.0","0.0","-"
"482",16,"Lil'Jordan Humphrey",NE,"WR189","293","293","293.0","0.0","-"
"483",16,"Brock Wright",DET,"TE89","303","325","314.0","11.0","-"
"484",16,"Cam Sims",WAS,"WR190","311","318","314.5","3.5","-"
"485",16,"Sean McKeon",DAL,"TE90","297","297","297.0","0.0","-"
"486",16,"Trayveon Williams",CIN,"RB157","298","298","298.0","0.0","-"
"487",16,"Juwann Winfree",GB,"WR191","298","298","298.0","0.0","-"
"488",16,"Derek Watt",PIT,"RB158","299","299","299.0","0.0","-"
"489",16,"Jakob Johnson",LV,"RB159","299","299","299.0","0.0","-"
"490",16,"Zonovan Knight",NYJ,"RB160","300","300","300.0","0.0","-"
"491",16,"Sincere McCormick",LV,"RB161","300","300","300.0","0.0","-"
"492",16,"Nick Vannett",NO,"TE91","313","321","317.0","4.0","-"
"493",16,"Jalen Nailor",MIN,"WR192","301","301","301.0","0.0","-"
"494",16,"Deon Jackson",IND,"RB162","307","329","318.0","11.0","-"
"495",16,"Adrian Peterson",FA,"RB163","303","303","303.0","0.0","-"
"496",16,"Reggie Gilliam",BUF,"RB164","303","303","303.0","0.0","-"
"497",16,"Seth Williams",DEN,"WR193","303","303","303.0","0.0","-"
"498",16,"Jonathan Ward",FA,"RB165","304","304","304.0","0.0","-"
"499",16,"Dezmon Patmon",IND,"WR194","313","327","320.0","7.0","-"
"500",16,"Stephen Anderson",ARI,"TE92","309","309","309.0","0.0","-"
"501",16,"Teagan Quitoriano",HOU,"TE93","310","310","310.0","0.0","-"
"502",16,"KhaDarel Hodge",ATL,"WR195","311","311","311.0","0.0","-"
"503",16,"Greg Dortch",ARI,"WR196","311","311","311.0","0.0","-"
"504",16,"Shi Smith",CAR,"WR197","312","312","312.0","0.0","-"
"505",16,"Chris Manhertz",JAC,"TE94","313","313","313.0","0.0","-"
"506",16,"Ty'Son Williams",IND,"RB166","313","313","313.0","0.0","-"
"507",16,"Chris Myarick",NYG,"TE95","315","315","315.0","0.0","-"
"508",16,"Richie James Jr.",NYG,"WR198","316","316","316.0","0.0","-"
"509",16,"J.J. Taylor",NE,"RB167","318","318","318.0","0.0","-"
"510",16,"Michael Burton",KC,"RB168","321","321","321.0","0.0","-"
"511",16,"Mohamed Sanu Sr.",MIA,"WR199","322","322","322.0","0.0","-"
"512",16,"Adam Prentice",NO,"RB169","325","325","325.0","0.0","-"
"513",16,"Greg Bell",FA,"RB170","325","325","325.0","0.0","-"
"514",16,"Malik Turner",SF,"WR200","327","327","327.0","0.0","-"
"515",16,"Stanley Morgan Jr.",CIN,"WR201","327","327","327.0","0.0","-"
"516",16,"Racey McMath",TEN,"WR202","327","327","327.0","0.0","-"
"517",16,"Jesse James",FA,"TE96","328","328","328.0","0.0","-"
"518",16,"Kendall Blanton",WAS,"TE97","328","328","328.0","0.0","-"
"519",16,"Tyler Vaughns",PIT,"WR203","332","332","332.0","0.0","-"