"RK",TIERS,"PLAYER NAME",TEAM,"FAN PTS","YDS","TDS","REC","YDS","TDS","ATT","YDS","TDS"
"1",1,"Josh Allen",BUF,"24.6","259.2","2.1","0.0","0.0","0.0","7.2","44.9","0.4"
"2",1,"Christian McCaffrey",CAR,"18.2","0.0","0.0","5.3","49.0","0.1","14.1","63.1","0.1"
"3",1,"Jonathan Taylor",IND,"21.9","0.0","0.0","2.4","21.2","0.1","19.5","106.5","1.1"
"4",1,"Austin Ekeler",LAC,"21.5","0.0","0.0","4.4","40.4","0.5","12.9","56.9","0.8"
"5",2,"Justin Herbert",LAC,"23.3","294.9","2.2","0.0","0.0","0.0","3.7","17.8","0.2"
"6",2,"Patrick Mahomes II",KC,"22.0","284.0","2.2","0.0","0.0","0.0","3.9","22.4","0.1"
"7",2,"Dalvin Cook",MIN,"15.9","0.0","0.0","2.6","17.2","0.0","19.2","89.2","0.5"
"8",2,"Justin Jefferson",MIN,"19.4","2.1","0.0","6.4","95.1","0.6","0.4","0.8","0.0"
"9",2,"Lamar Jackson",BAL,"21.1","240.2","1.3","0.0","0.0","0.0","11.2","63.9","0.2"
"10",2,"Najee Harris",PIT,"17.7","0.0","0.0","4.4","27.5","0.2","18.1","70.6","0.4"
"11",2,"Cooper Kupp",LAR,"25.9","0.0","0.0","8.5","114.5","0.9","0.2","1.1","0.0"
"12",3,"Derrick Henry",TEN,"24.2","0.6","0.1","2.3","19.3","0.0","27.4","117.1","1.3"
"13",3,"D'Andre Swift",DET,"16.1","0.0","0.0","4.8","34.8","0.2","11.6","47.5","0.4"
"14",3,"Travis Kelce",KC,"16.4","0.0","0.0","5.8","70.3","0.6","0.1","0.2","0.1"
"15",3,"Joe Mixon",CIN,"18.0","0.0","0.0","2.6","19.6","0.2","18.3","75.3","0.8"
"16",3,"Ja'Marr Chase",CIN,"17.9","0.0","0.0","4.8","85.6","0.8","0.4","1.2","0.0"
"17",3,"Kyler Murray",ARI,"22.2","270.5","1.7","0.0","0.5","0.0","6.3","30.2","0.4"
"18",3,"Jalen Hurts",PHI,"21.4","209.6","1.1","0.0","0.0","0.0","9.3","52.3","0.7"
"19",3,"Stefon Diggs",BUF,"16.8","0.0","0.0","6.1","72.1","0.6","0.0","0.0","0.0"
"20",3,"Davante Adams",LV,"21.5","0.0","0.0","7.7","97.1","0.7","0.0","0.0","0.0"
"21",3,"Alvin Kamara",NO,"18.1","0.0","0.0","3.6","33.8","0.4","18.5","69.1","0.3"
"22",4,"Saquon Barkley",NYG,"10.6","0.0","0.0","2.9","18.8","0.1","11.6","42.4","0.1"
"23",4,"Aaron Jones",GB,"15.3","0.0","0.0","3.5","26.1","0.4","11.4","53.3","0.3"
"24",4,"CeeDee Lamb",DAL,"14.6","0.0","0.0","4.9","68.9","0.4","0.6","4.8","0.0"
"25",4,"Mark Andrews",BAL,"17.7","0.0","0.0","6.3","80.1","0.5","0.1","0.0","0.0"
"26",4,"Leonard Fournette",TB,"18.3","0.0","0.0","4.9","32.4","0.1","12.9","58.0","0.6"
"27",4,"Joe Burrow",CIN,"20.5","288.2","2.1","0.0","0.0","0.0","2.5","7.4","0.1"
"28",5,"Mike Evans",TB,"16.4","0.0","0.0","4.6","64.7","0.9","0.1","0.6","0.0"
"29",5,"Tyreek Hill",MIA,"17.4","0.0","0.0","6.5","72.9","0.5","0.5","5.6","0.0"
"30",5,"Keenan Allen",LAC,"16.1","0.0","0.0","6.6","71.1","0.4","0.0","0.0","0.0"
"31",5,"Tom Brady",TB,"22.7","312.7","2.5","0.0","0.0","0.0","1.6","4.8","0.1"
"32",5,"Russell Wilson",DEN,"17.8","222.4","1.8","0.0","0.0","0.0","3.1","13.1","0.1"
"33",5,"Javonte Williams",DEN,"12.1","0.0","0.0","2.5","18.6","0.2","11.9","53.1","0.2"
"34",5,"Deebo Samuel",SF,"21.2","1.5","0.1","4.8","87.8","0.4","3.7","22.8","0.5"
"35",5,"Michael Pittman Jr.",IND,"14.0","0.0","0.0","5.2","63.6","0.4","0.3","2.6","0.0"
"36",5,"Dak Prescott",DAL,"20.7","278.1","2.3","0.0","0.0","0.0","3.0","9.1","0.1"
"37",5,"Nick Chubb",CLE,"15.4","0.0","0.0","1.4","12.4","0.1","16.3","89.9","0.6"
"38",5,"A.J. Brown",PHI,"13.9","0.0","0.0","4.8","66.8","0.4","0.2","0.8","0.0"
"39",5,"Tee Higgins",CIN,"15.7","0.0","0.0","5.3","77.9","0.4","0.0","0.0","0.0"
"40",5,"Trey Lance",SF,"11.2","100.5","0.8","0.0","0.0","0.0","6.3","28.0","0.2"
"41",5,"James Conner",ARI,"17.2","0.0","0.0","2.5","25.0","0.2","13.5","50.1","1.0"
"42",5,"DJ Moore",CAR,"14.0","0.0","0.0","5.5","68.1","0.2","0.5","2.8","0.0"
"43",5,"Kyle Pitts",ATL,"10.4","0.0","0.0","4.0","60.4","0.1","0.0","0.0","0.0"
"44",5,"Ezekiel Elliott",DAL,"14.8","0.2","0.0","2.8","16.9","0.1","13.9","58.9","0.6"
"45",5,"Matthew Stafford",LAR,"20.4","287.4","2.4","0.0","0.0","0.0","1.9","2.5","0.0"
"46",5,"Aaron Rodgers",GB,"21.1","257.2","2.3","0.1","-0.3","0.0","2.1","6.3","0.2"
"47",6,"Diontae Johnson",PIT,"17.1","0.0","0.0","6.7","72.6","0.5","0.3","3.3","0.0"
"48",6,"Travis Etienne Jr.",JAC,"0","0","0","0","0","0","0","0","0"
"49",6,"Jaylen Waddle",MIA,"15.4","0.0","0.0","6.5","63.4","0.4","0.1","0.2","0.1"
"50",6,"Breece Hall",NYJ,"0","0","0","0","0","0","0","0","0"
"51",6,"Kirk Cousins",MIN,"19.2","263.8","2.1","0.0","0.0","0.0","1.8","7.2","0.1"
"52",6,"Derek Carr",LV,"15.9","282.6","1.4","0.0","0.0","0.0","2.4","6.4","0.0"
"53",6,"Mike Williams",LAC,"15.4","0.0","0.0","4.8","71.6","0.6","0.0","0.0","0.0"
"54",6,"David Montgomery",CHI,"14.0","0.0","0.0","3.0","21.5","0.0","16.1","60.6","0.5"
"55",6,"Courtland Sutton",DEN,"8.8","0.9","0.0","3.4","45.6","0.1","0.0","0.0","0.0"
"56",6,"Terry McLaurin",WAS,"12.6","0.0","0.0","4.5","61.9","0.3","0.1","0.7","0.0"
"57",6,"Cam Akers",LAR,"2.1","0.0","0.0","1.5","5.0","0.0","2.5","1.5","0.0"
"58",6,"Brandin Cooks",HOU,"14.5","0.0","0.0","5.6","64.8","0.4","0.1","1.3","0.0"
"59",6,"Allen Robinson II",LAR,"7.3","0.0","0.0","3.2","34.2","0.1","0.0","0.0","0.0"
"60",6,"George Kittle",SF,"14.1","0.0","0.0","5.1","65.0","0.4","0.2","1.4","0.0"
"61",7,"J.K. Dobbins",BAL,"0.0","0.0","0.0","0.0","0.0","0.0","0.0","0.0","0.0"
"62",7,"Tua Tagovailoa",MIA,"14.7","204.1","1.2","0.0","0.0","0.0","3.2","9.8","0.2"
"63",7,"DK Metcalf",SEA,"14.4","0.0","0.0","4.4","56.9","0.7","0.1","0.4","0.0"
"64",7,"AJ Dillon",GB,"10.9","0.0","0.0","2.0","18.4","0.1","11.0","47.2","0.3"
"65",7,"Darren Waller",LV,"12.1","0.0","0.0","5.0","60.5","0.2","0.0","0.0","0.0"
"66",7,"Elijah Mitchell",SF,"13.8","0.0","0.0","1.6","11.4","0.1","17.3","80.3","0.4"
"67",7,"Josh Jacobs",LV,"15.1","0.0","0.0","3.6","23.2","0.0","14.5","58.1","0.6"
"68",7,"Justin Fields",CHI,"11.4","155.8","0.6","0.0","0.0","0.0","6.0","35.0","0.2"
"69",7,"Marquise Brown",ARI,"14.1","0.0","0.0","5.7","63.0","0.4","0.1","0.3","0.0"
"70",7,"Trevor Lawrence",JAC,"12.7","214.2","0.7","0.0","0.0","0.0","4.3","19.6","0.1"
"71",7,"Darnell Mooney",CHI,"12.9","0.0","0.0","4.8","62.1","0.2","0.4","1.9","0.1"
"72",7,"Michael Thomas",NO,"0","0","0","0","0","0","0","0","0"
"73",7,"Jerry Jeudy",DEN,"8.5","0.0","0.0","3.8","46.7","0.0","0.2","0.3","0.0"
"74",7,"Rashod Bateman",BAL,"8.6","0.0","0.0","3.8","42.9","0.1","0.0","0.0","0.0"
"75",7,"Amon-Ra St. Brown",DET,"14.2","0.0","0.0","5.6","57.0","0.3","0.4","3.8","0.1"
"76",7,"Chase Edmonds",MIA,"11.9","0.0","0.0","3.6","25.9","0.0","9.7","49.3","0.2"
"77",7,"Chris Godwin",TB,"17.3","0.0","0.0","7.0","78.8","0.4","0.3","1.5","0.1"
"78",7,"Dalton Schultz",DAL,"12.3","0.0","0.0","4.6","47.5","0.5","0.0","0.0","0.0"
"79",7,"JuJu Smith-Schuster",KC,"7.0","0.0","0.0","3.0","25.8","0.0","0.6","1.8","0.2"
"80",7,"Jameis Winston",NO,"17.2","167.1","2.0","0.0","0.0","0.0","4.6","23.7","0.1"
"81",7,"Matt Ryan",IND,"13.8","233.4","1.2","0.0","0.0","0.0","2.4","4.8","0.1"
"82",7,"Clyde Edwards-Helaire",KC,"11.7","0.0","0.0","1.9","11.8","0.2","11.9","51.7","0.4"
"83",7,"Amari Cooper",CLE,"13.5","0.0","0.0","4.5","57.7","0.5","0.0","0.0","0.0"
"84",7,"Antonio Gibson",WAS,"14.3","0.0","0.0","2.6","18.4","0.2","16.1","64.8","0.4"
"85",8,"Kareem Hunt",CLE,"13.8","0.0","0.0","2.8","21.8","0.0","9.8","48.3","0.6"
"86",8,"Elijah Moore",NYJ,"12.6","0.0","0.0","3.9","48.9","0.5","0.5","4.9","0.1"
"87",8,"Tony Pollard",DAL,"10.8","0.0","0.0","2.6","22.5","0.0","8.7","47.9","0.1"
"88",8,"Miles Sanders",PHI,"9.8","0.0","0.0","2.2","13.2","0.0","11.4","62.8","0.0"
"89",8,"Gabriel Davis",BUF,"8.4","0.0","0.0","2.3","36.6","0.4","0.0","0.0","0.0"
"90",8,"Ryan Tannehill",TEN,"16.6","219.6","1.2","0.0","0.0","0.0","3.2","15.9","0.4"
"91",8,"Damien Harris",NE,"14.0","0.0","0.0","1.2","8.8","0.0","13.5","61.9","1.0"
"92",8,"Adam Thielen",MIN,"15.4","0.0","0.0","5.2","55.8","0.8","0.1","0.2","0.0"
"93",8,"T.J. Hockenson",DET,"12.1","0.0","0.0","5.1","48.6","0.3","0.0","0.0","0.0"
"94",8,"Rhamondre Stevenson",NE,"9.6","0.0","0.0","1.2","10.3","0.0","11.1","50.5","0.4"
"95",8,"Daniel Jones",NYG,"15.9","220.7","0.9","0.1","1.5","0.0","5.6","27.1","0.2"
"96",8,"Cordarrelle Patterson",ATL,"14.7","0.0","0.0","3.3","34.3","0.3","9.6","38.6","0.4"
"97",8,"Dallas Goedert",PHI,"11.0","0.0","0.0","3.7","55.3","0.3","0.0","0.0","0.0"
"98",8,"Rashaad Penny",SEA,"12.2","0.0","0.0","0.6","4.8","0.0","11.9","74.9","0.6"
"99",8,"Mac Jones",NE,"14.0","223.6","1.3","0.0","0.0","0.0","2.6","7.6","0.0"
"100",8,"Devin Singletary",BUF,"11.6","0.0","0.0","2.4","13.4","0.1","11.1","51.2","0.4"
"101",8,"Hunter Renfrow",LV,"15.2","0.0","0.0","6.1","61.1","0.5","0.2","0.2","0.0"
"102",8,"Brandon Aiyuk",SF,"10.0","0.0","0.0","3.3","48.6","0.3","0.3","1.0","0.0"
"103",8,"Melvin Gordon III",DEN,"12.2","0.0","0.0","1.8","13.3","0.1","12.7","57.4","0.5"
"104",8,"Drake London",ATL,"0","0","0","0","0","0","0","0","0"
"105",8,"DeVonta Smith",PHI,"10.9","0.0","0.0","3.8","53.9","0.3","0.0","0.0","0.0"
"106",8,"Zach Ertz",ARI,"10.6","0.0","0.0","4.4","44.9","0.3","0.1","0.2","0.0"
"107",8,"Christian Kirk",JAC,"12.2","1.9","0.0","4.5","57.8","0.3","0.1","0.6","0.0"
"108",9,"Carson Wentz",WAS,"15.6","209.6","1.6","0.0","0.0","0.0","3.4","12.6","0.1"
"109",9,"Allen Lazard",GB,"10.2","0.0","0.0","2.9","36.6","0.6","0.2","2.3","0.0"
"110",9,"Tyler Lockett",SEA,"15.1","0.0","0.0","4.6","73.4","0.5","0.1","0.6","0.0"
"111",9,"Dameon Pierce",HOU,"0","0","0","0","0","0","0","0","0"
"112",9,"James Cook",BUF,"0","0","0","0","0","0","0","0","0"
"113",9,"Zach Wilson",NYJ,"12.5","179.5","0.7","0.0","0.0","0.0","2.2","14.2","0.3"
"114",9,"Jared Goff",DET,"14.5","231.8","1.4","0.0","0.0","0.0","1.2","6.2","0.0"
"115",9,"Ken Walker III",SEA,"0","0","0","0","0","0","0","0","0"
"116",9,"Robert Woods",TEN,"15.2","0.0","0.0","5.0","61.8","0.4","0.9","5.1","0.1"
"117",9,"DeAndre Hopkins",ARI,"14.7","0.0","0.0","4.2","57.2","0.8","0.0","0.0","0.0"
"118",9,"Kadarius Toney",NYG,"9.2","2.1","0.0","4.3","46.7","0.0","0.3","0.7","0.0"
"119",9,"Pat Freiermuth",PIT,"9.5","0.0","0.0","3.8","31.1","0.4","0.0","0.0","0.0"
"120",9,"Nyheim Hines",IND,"6.6","0.0","0.0","2.4","18.2","0.1","3.3","16.2","0.1"
"121",9,"Michael Carter",NYJ,"11.0","0.0","0.0","2.6","23.2","0.0","10.5","45.6","0.3"
"122",9,"Cole Kmet",CHI,"7.1","0.0","0.0","3.5","36.0","0.0","0.1","0.0","0.0"
"123",9,"Dawson Knox",BUF,"10.9","0.0","0.0","3.3","39.1","0.6","0.0","0.3","0.0"
"124",9,"Baker Mayfield",CAR,"13.8","215.0","1.2","0.0","0.8","0.0","2.6","9.6","0.1"
"125",9,"Davis Mills",HOU,"12.8","204.9","1.2","0.0","0.0","0.0","1.4","3.4","0.0"
"126",9,"Darrell Henderson Jr.",LAR,"13.6","0.0","0.0","2.4","14.7","0.3","12.4","57.3","0.4"
"127",9,"Chase Claypool",PIT,"11.1","0.0","0.0","3.9","57.3","0.1","0.9","6.4","0.0"
"128",9,"Chris Olave",NO,"0","0","0","0","0","0","0","0","0"
"129",9,"Treylon Burks",TEN,"0","0","0","0","0","0","0","0","0"
"130",9,"Kenneth Gainwell",PHI,"7.7","0.0","0.0","2.1","15.8","0.1","4.3","18.2","0.3"
"131",9,"James Robinson",JAC,"12.4","0.0","0.0","2.2","15.9","0.0","11.7","54.8","0.6"
"132",9,"Tyler Boyd",CIN,"11.5","2.9","0.0","4.2","51.8","0.3","0.1","1.4","0.0"
"133",9,"Garrett Wilson",NYJ,"0","0","0","0","0","0","0","0","0"
"134",9,"Russell Gage",TB,"12.5","0.0","0.0","5.1","59.2","0.3","0.0","0.0","0.0"
"135",9,"Jakobi Meyers",NE,"11.6","2.8","0.0","5.2","54.1","0.1","0.1","0.6","0.0"
"136",9,"Alexander Mattison",MIN,"7.9","0.0","0.0","2.0","14.3","0.1","8.4","30.7","0.2"
"137",9,"J.D. McKissic",WAS,"11.6","0.0","0.0","3.9","36.1","0.2","4.4","19.3","0.2"
"138",9,"Skyy Moore",KC,"0","0","0","0","0","0","0","0","0"
"139",10,"Mike Gesicki",MIA,"9.7","0.0","0.0","4.3","45.9","0.1","0.0","0.0","0.0"
"140",10,"Marcus Mariota",ATL,"2.1","0.6","0.0","0.0","0.0","0.0","1.9","12.4","0.1"
"141",10,"Hunter Henry",NE,"10.3","0.0","0.0","3.1","37.7","0.6","0.0","0.0","0.0"
"142",10,"DeVante Parker",NE,"10.3","0.0","0.0","4.0","51.5","0.2","0.0","0.0","0.0"
"143",10,"Jarvis Landry",NO,"11.1","0.0","0.0","4.3","47.5","0.2","0.5","3.3","0.2"
"144",10,"Rondale Moore",ARI,"7.8","0.0","0.0","3.9","31.1","0.1","1.3","5.4","0.0"
"145",10,"Marquez Valdes-Scantling",KC,"7.9","0.0","0.0","2.4","39.1","0.3","0.0","0.0","0.0"
"146",10,"Jamaal Williams",DET,"9.2","0.0","0.0","2.0","12.1","0.0","11.8","46.2","0.2"
"147",10,"Irv Smith Jr.",MIN,"0","0","0","0","0","0","0","0","0"
"148",10,"Brian Robinson Jr.",WAS,"0","0","0","0","0","0","0","0","0"
"149",10,"George Pickens",PIT,"0","0","0","0","0","0","0","0","0"
"150",10,"Khalil Herbert",CHI,"4.9","0.0","0.0","0.9","6.0","0.0","6.4","27.1","0.1"
"151",10,"Albert Okwuegbunam",DEN,"5.4","0.0","0.0","2.4","23.6","0.1","0.0","0.0","0.0"
"152",10,"Noah Fant",SEA,"9.9","0.0","0.0","4.3","41.9","0.3","0.0","0.0","0.0"
"153",10,"Michael Gallup",DAL,"10.2","0.0","0.0","3.9","49.4","0.2","0.0","0.0","0.0"
"154",10,"Isaiah Spiller",LAC,"0","0","0","0","0","0","0","0","0"
"155",10,"David Njoku",CLE,"7.2","0.0","0.0","2.4","31.7","0.3","0.1","0.1","0.0"
"156",10,"Kenny Golladay",NYG,"6.4","0.0","0.0","2.6","37.2","0.0","0.0","0.0","0.0"
"157",10,"DJ Chark Jr.",DET,"11.5","0.0","0.0","2.3","51.3","0.7","0.0","0.0","0.0"
"158",10,"Rachaad White",TB,"0","0","0","0","0","0","0","0","0"
"159",10,"Tyler Allgeier",ATL,"0","0","0","0","0","0","0","0","0"
"160",10,"Deshaun Watson",CLE,"0","0","0","0","0","0","0","0","0"
"161",10,"Julio Jones",TB,"8.0","0.0","0.0","3.1","43.4","0.1","0.0","0.0","0.0"
"162",10,"Raheem Mostert",MIA,"2.0","0.0","0.0","0.0","0.0","0.0","2.0","20.0","0.0"
"163",10,"Mitch Trubisky",PIT,"1.8","8.6","0.0","0.0","0.0","0.0","2.6","4.8","0.2"
"164",10,"Jahan Dotson",WAS,"0","0","0","0","0","0","0","0","0"
"165",10,"Gerald Everett",LAC,"7.9","0.0","0.0","3.2","31.9","0.3","0.2","1.3","0.0"
"166",10,"Tyler Higbee",LAR,"9.8","0.0","0.0","4.1","37.3","0.3","0.0","0.0","0.0"
"167",10,"Robert Tonyan",GB,"6.3","0.0","0.0","2.3","25.5","0.3","0.0","0.0","0.0"
"168",10,"Nico Collins",HOU,"6.0","0.0","0.0","2.4","31.9","0.1","0.0","0.0","0.0"
"169",10,"Evan Engram",JAC,"6.8","0.0","0.0","3.1","27.2","0.2","0.1","-0.2","0.0"
"170",10,"Austin Hooper",TEN,"6.2","0.0","0.0","2.5","23.0","0.2","0.0","0.0","0.0"
"171",10,"Corey Davis",NYJ,"11.7","0.0","0.0","3.8","54.7","0.4","0.0","0.0","0.0"
"172",10,"Robbie Anderson",CAR,"8.1","0.0","0.0","3.1","30.5","0.3","0.2","2.1","0.0"
"173",10,"Joshua Palmer",LAC,"6.2","0.0","0.0","2.2","23.5","0.3","0.1","0.4","0.0"
"174",11,"Mecole Hardman",KC,"8.3","0.0","0.0","3.5","40.8","0.1","0.5","2.7","0.0"
"175",11,"Marlon Mack",HOU,"2.1","0.0","0.0","0.3","1.3","0.0","4.7","16.8","0.0"
"176",11,"Darrel Williams",ARI,"11.5","0.0","0.0","2.8","26.6","0.1","8.5","32.8","0.4"
"177",11,"Mark Ingram II",NO,"7.8","0.0","0.0","1.9","11.6","0.0","11.4","39.6","0.1"
"178",11,"K.J. Osborn",MIN,"9.3","0.0","0.0","2.9","38.5","0.4","0.1","0.6","0.0"
"179",11,"Marvin Jones Jr.",JAC,"10.6","0.0","0.0","4.3","48.9","0.2","0.0","0.0","0.0"
"180",11,"Van Jefferson",LAR,"9.9","0.0","0.0","2.9","47.2","0.4","0.1","1.2","0.0"
"181",11,"Logan Thomas",WAS,"10.7","0.0","0.0","3.6","39.2","0.6","0.0","0.0","0.0"
"182",11,"Jameson Williams",DET,"0","0","0","0","0","0","0","0","0"
"183",11,"Gus Edwards",BAL,"0","0","0","0","0","0","0","0","0"
"184",11,"D'Onta Foreman",CAR,"10.4","0.0","0.0","1.0","13.7","0.0","14.8","62.9","0.3"
"185",11,"Hayden Hurst",CIN,"5.3","0.0","0.0","2.2","18.4","0.3","0.0","0.0","0.0"
"186",11,"Zamir White",LV,"0","0","0","0","0","0","0","0","0"
"187",11,"Sony Michel",MIA,"8.6","0.0","0.0","1.2","7.5","0.1","12.2","49.7","0.2"
"188",11,"Ronald Jones II",KC,"5.3","0.0","0.0","0.7","4.3","0.0","6.7","28.5","0.3"
"189",11,"Wan'Dale Robinson",NYG,"0","0","0","0","0","0","0","0","0"
"190",11,"Christian Watson",GB,"0","0","0","0","0","0","0","0","0"
"191",11,"Jalen Tolbert",DAL,"0","0","0","0","0","0","0","0","0"
"192",11,"Jamison Crowder",BUF,"9.1","0.0","0.0","4.3","37.3","0.2","0.0","0.0","0.0"
"193",11,"Parris Campbell",IND,"5.4","0.0","0.0","1.7","27.0","0.2","0.0","0.0","0.0"
"194",11,"KJ Hamler",DEN,"4.1","0.0","0.0","1.7","24.7","0.0","0.0","0.0","0.0"
"195",11,"Curtis Samuel",WAS,"2.0","0.0","0.0","1.2","5.4","0.0","0.8","2.2","0.0"
"196",11,"Isiah Pacheco",KC,"0","0","0","0","0","0","0","0","0"
"197",11,"Isaiah McKenzie",BUF,"3.5","0.0","0.0","1.3","11.9","0.1","0.6","3.1","0.1"
"198",11,"Samaje Perine",CIN,"5.5","0.0","0.0","1.8","13.1","0.1","3.7","16.4","0.1"
"199",11,"Donovan Peoples-Jones",CLE,"7.8","0.0","0.0","2.4","42.6","0.2","0.0","0.0","0.0"
"200",11,"Brevin Jordan",HOU,"7.0","0.0","0.0","2.5","22.3","0.4","0.0","0.0","0.0"
"201",11,"Kendrick Bourne",NE,"10.6","1.5","0.1","3.2","47.1","0.3","0.7","7.4","0.0"
"202",11,"Sterling Shepard",NYG,"11.1","0.0","0.0","5.1","52.3","0.1","0.1","-1.3","0.0"
"203",11,"David Bell",CLE,"0","0","0","0","0","0","0","0","0"
"204",11,"Alec Pierce",IND,"0","0","0","0","0","0","0","0","0"
"205",11,"Chuba Hubbard",CAR,"8.6","0.0","0.0","1.6","10.9","0.1","10.8","38.3","0.3"
"206",11,"A.J. Green",ARI,"9.8","0.0","0.0","3.4","53.0","0.2","0.0","0.0","0.0"
"207",11,"Boston Scott",PHI,"9.0","0.0","0.0","1.2","7.5","0.0","7.9","33.9","0.6"
"208",11,"Drew Lock",SEA,"9.0","131.2","0.3","0.2","0.2","0.0","1.7","8.8","0.3"
"209",11,"Damien Williams",ATL,"5.1","0.0","0.0","1.3","8.6","0.1","3.3","13.7","0.2"
"210",11,"Jonnu Smith",NE,"4.2","0.0","0.0","1.8","18.4","0.1","0.6","2.5","0.0"
"211",11,"Tyrion Davis-Price",SF,"0","0","0","0","0","0","0","0","0"
"212",11,"Laviska Shenault Jr.",JAC,"7.9","0.0","0.0","3.9","38.7","0.0","0.7","2.6","0.0"
"213",11,"Kenny Pickett",PIT,"0","0","0","0","0","0","0","0","0"
"214",12,"Jerick McKinnon",KC,"4.0","0.0","0.0","1.4","11.9","0.1","1.3","6.9","0.0"
"215",12,"D'Ernest Johnson",CLE,"8.0","0.0","0.0","1.5","10.5","0.0","7.7","41.1","0.2"
"216",12,"Terrace Marshall Jr.",CAR,"2.7","0.0","0.0","1.4","11.5","0.0","0.0","0.0","0.0"
"217",12,"Romeo Doubs",GB,"0","0","0","0","0","0","0","0","0"
"218",12,"Zay Jones",JAC,"7.1","0.0","0.0","3.1","36.4","0.1","0.1","0.2","0.0"
"219",12,"Mo Alie-Cox",IND,"4.7","0.0","0.0","1.4","18.6","0.2","0.0","0.0","0.0"
"220",12,"Jeff Wilson Jr.",SF,"5.7","0.0","0.0","0.8","3.4","0.0","8.8","32.7","0.2"
"221",12,"Byron Pringle",CHI,"7.9","0.0","0.0","2.6","35.5","0.3","0.0","0.0","0.0"
"222",12,"Trey Sermon",SF,"4.7","0.0","0.0","0.5","4.3","0.0","6.8","27.8","0.2"
"223",12,"Braxton Berrios",NYJ,"7.6","0.0","0.0","2.9","26.9","0.1","0.4","2.5","0.1"
"224",12,"Kenyan Drake",FA,"8.5","0.0","0.0","2.5","24.3","0.1","5.3","21.2","0.2"
"225",12,"Adam Trautman",NO,"5.8","0.0","0.0","2.5","23.9","0.2","0.0","0.0","0.0"
"226",12,"Mike Davis",BAL,"8.1","0.0","0.0","2.6","15.2","0.1","8.1","29.6","0.2"
"227",12,"Rex Burkhead",HOU,"7.0","0.0","0.0","1.7","12.4","0.0","8.1","28.5","0.2"
"228",12,"Bryan Edwards",ATL,"6.8","0.0","0.0","2.1","35.7","0.2","0.1","0.0","0.0"
"229",12,"Randall Cobb",GB,"8.5","0.0","0.0","2.5","34.1","0.5","0.1","0.1","0.0"
"230",12,"Zack Moss",BUF,"8.1","0.0","0.0","1.8","15.2","0.1","7.4","26.5","0.3"
"231",12,"Sammy Watkins",GB,"6.4","0.0","0.0","2.5","35.8","0.1","0.0","0.0","0.0"
"232",12,"Jacoby Brissett",CLE,"6.9","116.6","0.5","0.0","0.0","0.0","1.7","6.4","0.1"
"233",12,"Myles Gaskin",MIA,"10.2","0.0","0.0","2.9","13.8","0.2","10.2","36.0","0.2"
"234",12,"Dan Arnold",JAC,"6.9","0.0","0.0","3.2","37.1","0.0","0.0","0.0","0.0"
"235",12,"C.J. Uzomah",NYJ,"8.0","0.0","0.0","3.1","30.8","0.3","0.0","0.0","0.0"
"236",12,"Cedrick Wilson Jr.",MIA,"10.6","6.3","0.0","3.2","43.0","0.4","0.1","0.8","0.0"
"237",12,"Nelson Agholor",NE,"6.9","0.0","0.0","2.5","31.5","0.2","0.2","0.7","0.0"
"238",12,"Jimmy Garoppolo",SF,"16.0","254.0","1.3","0.0","0.0","0.0","2.5","3.4","0.2"
"239",12,"Cameron Brate",TB,"4.9","0.0","0.0","1.9","15.3","0.3","0.0","0.0","0.0"
"240",12,"Matt Breida",NYG,"6.1","0.0","0.0","1.0","10.3","0.3","3.7","17.9","0.1"
"241",12,"Eno Benjamin",ARI,"3.5","0.0","0.0","0.8","5.3","0.0","4.3","14.8","0.1"
"242",12,"Marquez Callaway",NO,"8.9","0.0","0.0","2.7","41.1","0.4","0.0","0.0","0.0"
"243",12,"William Fuller V",FA,"4.3","0.0","0.0","2.0","13.0","0.0","0.0","0.0","0.0"
"244",12,"Chris Evans",CIN,"5.5","0.0","0.0","1.7","16.8","0.2","1.9","8.6","0.0"
"245",12,"Odell Beckham Jr.",FA,"9.2","0.0","0.0","3.1","38.4","0.4","0.1","1.0","0.0"
"246",12,"Trey McBride",ARI,"0","0","0","0","0","0","0","0","0"
"247",12,"Hassan Haskins",TEN,"0","0","0","0","0","0","0","0","0"
"248",12,"O.J. Howard",BUF,"3.0","0.0","0.0","1.3","12.3","0.1","0.0","0.0","0.0"
"249",12,"Geno Smith",SEA,"13.8","175.5","1.3","0.0","0.0","0.0","2.3","10.5","0.3"
"250",12,"Josh Reynolds",DET,"7.3","0.0","0.0","2.6","36.0","0.2","0.0","0.0","0.0"
"251",12,"Tre'Quan Smith",NO,"8.8","0.0","0.0","3.2","37.7","0.3","0.0","0.0","0.0"
"252",12,"Quez Watkins",PHI,"6.8","0.0","0.0","2.5","38.1","0.1","0.1","0.2","0.0"
"253",12,"Ke'Shawn Vaughn",TB,"6.1","0.0","0.0","0.7","4.3","0.0","6.0","30.0","0.3"
"254",12,"Joshua Kelley",LAC,"2.1","0.0","0.0","0.6","4.8","0.0","4.1","12.8","0.0"
"255",12,"Darius Slayton",NYG,"5.3","0.0","0.0","2.0","26.1","0.2","0.1","-1.0","0.0"
"256",12,"Phillip Lindsay",IND,"3.2","0.0","0.0","0.3","3.2","0.1","6.3","17.8","0.1"
"257",13,"Kyle Rudolph",TB,"4.0","0.0","0.0","1.7","17.1","0.1","0.0","0.0","0.0"
"258",13,"Giovani Bernard",TB,"5.9","0.0","0.0","2.3","12.3","0.3","0.8","5.8","0.0"
"259",13,"Ty Johnson",NYJ,"7.8","0.0","0.0","2.3","24.8","0.1","4.1","15.9","0.1"
"260",13,"Jalen Reagor",PHI,"4.6","0.0","0.0","1.9","17.6","0.1","0.6","1.9","0.0"
"261",13,"Velus Jones Jr.",CHI,"0","0","0","0","0","0","0","0","0"
"262",13,"Kyren Williams",LAR,"0","0","0","0","0","0","0","0","0"
"263",13,"Pierre Strong Jr.",NE,"0","0","0","0","0","0","0","0","0"
"264",13,"Dontrell Hilliard",TEN,"9.1","0.0","0.0","2.4","10.9","0.0","7.0","43.8","0.3"
"265",13,"Greg Dulcich",DEN,"0","0","0","0","0","0","0","0","0"
"266",13,"Dyami Brown",WAS,"2.8","0.0","0.0","1.2","16.5","0.0","0.1","-0.4","0.0"
"267",13,"Devin Duvernay",BAL,"4.8","0.0","0.0","2.1","17.0","0.1","0.4","3.1","0.0"
"268",13,"Nick Westbrook-Ikhine",TEN,"7.2","0.0","0.0","2.5","31.7","0.3","0.0","0.0","0.0"
"269",13,"Daniel Bellinger",NYG,"0","0","0","0","0","0","0","0","0"
"270",13,"Tyler Conklin",NYJ,"8.1","0.0","0.0","3.6","34.9","0.2","0.0","0.0","0.0"
"271",13,"Quintez Cephus",DET,"9.9","0.0","0.0","3.0","40.8","0.4","0.0","0.0","0.0"
"272",13,"Justin Jackson",DET,"6.2","0.0","0.0","1.6","12.7","0.0","4.9","26.0","0.1"
"273",13,"Darrynton Evans",CHI,"1.9","0.0","0.0","1.0","5.5","0.0","1.0","3.5","0.0"
"274",13,"Harrison Bryant",CLE,"4.2","0.0","0.0","1.4","15.5","0.2","0.0","0.0","0.0"
"275",13,"Emmanuel Sanders",FA,"9.4","0.0","0.0","3.0","44.7","0.3","0.1","2.2","0.0"
"276",13,"Sam Darnold",CAR,"14.2","210.6","0.8","0.0","0.0","0.0","4.0","18.5","0.4"
"277",13,"Ameer Abdullah",LV,"5.3","0.0","0.0","2.2","17.0","0.1","3.0","9.8","0.0"
"278",13,"Kyle Philips",TEN,"0","0","0","0","0","0","0","0","0"
"279",13,"Duke Johnson Jr.",BUF,"11.8","0.0","0.0","0.8","8.2","0.0","14.2","66.0","0.6"
"280",13,"Tyler Badie",BAL,"0","0","0","0","0","0","0","0","0"
"281",13,"Salvon Ahmed",MIA,"3.5","0.0","0.0","1.1","10.6","0.0","4.9","13.5","0.0"
"282",13,"Cole Beasley",FA,"10.0","0.0","0.0","5.1","43.3","0.1","0.0","0.0","0.0"
"283",13,"Tommy Tremble",CAR,"3.5","0.0","0.0","1.3","12.0","0.1","0.2","0.7","0.1"
"284",13,"Tevin Coleman",NYJ,"4.7","0.0","0.0","1.0","4.5","0.0","7.6","32.4","0.0"
"285",13,"Jerome Ford",CLE,"0","0","0","0","0","0","0","0","0"
"286",13,"Snoop Conner",JAC,"0","0","0","0","0","0","0","0","0"
"287",13,"Donald Parham Jr.",LAC,"4.2","0.0","0.0","1.4","13.6","0.2","0.0","0.0","0.0"
"288",13,"James Proche II",BAL,"5.2","0.0","0.0","2.3","28.9","0.0","0.0","0.0","0.0"
"289",13,"Isaiah Likely",BAL,"0","0","0","0","0","0","0","0","0"
"290",13,"Anthony Firkser",ATL,"4.9","0.0","0.0","2.3","19.4","0.1","0.0","0.0","0.0"
"291",13,"Jalen Guyton",LAC,"6.1","0.0","0.0","1.9","28.0","0.2","0.4","2.1","0.0"
"292",13,"Jared Cook",FA,"8.3","0.0","0.0","3.0","35.3","0.3","0.0","0.0","0.0"
"293",13,"Jaret Patterson",WAS,"4.0","0.0","0.0","0.7","5.2","0.0","4.9","19.0","0.1"
"294",13,"David Johnson",FA,"6.3","0.0","0.0","2.5","17.3","0.1","5.2","17.5","0.0"
"295",13,"Jelani Woods",IND,"0","0","0","0","0","0","0","0","0"
"296",13,"Tyquan Thornton",NE,"0","0","0","0","0","0","0","0","0"
"297",13,"Foster Moreau",LV,"5.7","0.0","0.0","2.0","24.9","0.2","0.0","0.0","0.0"
"298",13,"Ty Montgomery",NE,"2.1","0.0","0.0","1.1","6.8","0.0","1.1","3.1","0.0"
"299",13,"Khalil Shakir",BUF,"0","0","0","0","0","0","0","0","0"
"300",13,"T.Y. Hilton",FA,"7.4","0.0","0.0","2.3","33.1","0.3","0.0","0.0","0.0"
"301",14,"Olamide Zaccheaus",ATL,"6.0","0.0","0.0","2.1","27.1","0.2","0.1","0.1","0.0"
"302",14,"Malcolm Brown",FA,"3.8","0.0","0.0","0.5","1.7","0.0","5.5","20.8","0.2"
"303",14,"James Washington",DAL,"4.4","0.0","0.0","1.6","19.0","0.1","0.1","0.9","0.0"
"304",14,"Jaylen Warren",PIT,"0","0","0","0","0","0","0","0","0"
"305",14,"Danny Gray",SF,"0","0","0","0","0","0","0","0","0"
"306",14,"Cade Otton",TB,"0","0","0","0","0","0","0","0","0"
"307",14,"Amari Rodgers",GB,"0.6","0.0","0.0","0.3","2.8","0.0","0.1","0.7","0.0"
"308",14,"Desmond Ridder",ATL,"0","0","0","0","0","0","0","0","0"
"309",14,"DeeJay Dallas",SEA,"3.5","0.0","0.0","1.2","7.8","0.0","1.9","8.1","0.1"
"310",14,"Demarcus Robinson",BAL,"4.6","0.0","0.0","1.7","17.6","0.2","0.0","0.0","0.0"
"311",14,"Calvin Austin III",PIT,"0","0","0","0","0","0","0","0","0"
"312",14,"Devontae Booker",FA,"9.0","0.0","0.0","2.5","16.8","0.1","9.1","37.1","0.1"
"313",14,"Keaontay Ingram",ARI,"0","0","0","0","0","0","0","0","0"
"314",14,"John Bates",WAS,"3.9","0.0","0.0","1.5","19.2","0.1","0.0","0.0","0.0"
"315",14,"Latavius Murray",FA,"7.4","0.0","0.0","0.7","5.4","0.0","8.5","35.8","0.4"
"316",14,"John Metchie III",HOU,"0","0","0","0","0","0","0","0","0"
"317",14,"Jauan Jennings",SF,"6.3","0.0","0.0","1.8","21.7","0.4","0.0","0.0","0.0"
"318",14,"Rashard Higgins",CAR,"4.8","0.0","0.0","2.0","22.9","0.1","0.0","0.0","0.0"
"319",14,"Kylen Granson",IND,"2.2","0.0","0.0","1.1","10.6","0.0","0.0","0.0","0.0"
"320",14,"Devonta Freeman",FA,"9.2","0.0","0.0","2.1","11.9","0.1","8.3","36.0","0.3"
"321",14,"Anthony Schwartz",CLE,"2.6","0.0","0.0","0.8","10.4","0.1","0.5","3.0","0.0"
"322",14,"Tyler Johnson",TB,"4.5","0.0","0.0","2.3","22.5","0.0","0.0","0.0","0.0"
"323",14,"Noah Brown",DAL,"3.4","0.0","0.0","1.6","18.4","0.0","0.0","0.0","0.0"
"324",14,"Chris Conley",HOU,"4.6","0.0","0.0","1.6","23.1","0.1","0.1","0.2","0.0"
"325",14,"Wayne Gallman Jr.",FA,"1.5","0.0","0.0","0.1","2.3","0.0","3.1","11.6","0.0"
"326",14,"Laquon Treadwell",JAC,"6.9","0.0","0.0","2.8","36.2","0.1","0.0","0.0","0.0"
"327",14,"Travis Homer",SEA,"4.4","0.0","0.0","1.1","11.5","0.0","1.5","12.6","0.1"
"328",14,"Dee Eskridge",SEA,"3.5","0.0","0.0","1.3","8.0","0.1","0.5","7.4","0.0"
"329",14,"Josiah Deguara",GB,"4.4","0.0","0.0","1.8","17.5","0.1","0.0","0.0","0.0"
"330",14,"Kene Nwangwu",MIN,"2.6","0.0","0.0","0.4","1.0","0.0","1.4","6.8","0.0"
"331",14,"Taysom Hill",NO,"10.6","81.5","0.3","0.3","4.3","0.0","5.8","31.2","0.4"
"332",14,"Equanimeous St. Brown",CHI,"1.7","0.0","0.0","0.8","8.2","0.0","0.3","1.2","0.0"
"333",14,"Ashton Dulin",IND,"2.8","0.0","0.0","0.8","10.8","0.1","0.2","2.0","0.0"
"334",14,"Teddy Bridgewater",MIA,"15.0","218.0","1.3","0.0","0.0","0.0","2.1","7.6","0.1"
"335",14,"Brandon Bolden",LV,"7.8","0.0","0.0","2.6","25.3","0.1","2.8","14.1","0.1"
"336",14,"Deonte Harty",NO,"8.7","0.0","0.0","2.8","43.8","0.2","0.4","3.2","0.0"
"337",14,"Trestan Ebner",CHI,"0","0","0","0","0","0","0","0","0"
"338",14,"Pharaoh Brown",HOU,"2.9","0.0","0.0","1.8","13.2","0.0","0.0","0.0","0.0"
"339",14,"Benny Snell Jr.",PIT,"0.8","0.0","0.0","0.1","0.8","0.0","2.3","6.1","0.0"
"340",14,"Malik Willis",TEN,"0","0","0","0","0","0","0","0","0"
"341",14,"Antonio Brown",FA,"17.3","0.0","0.0","6.0","77.9","0.6","0.1","0.9","0.0"
"342",14,"Derrick Gore",KC,"7.0","0.0","0.0","1.0","13.1","0.0","6.4","32.0","0.3"
"343",14,"Tutu Atwell",LAR,"0.0","0.0","0.0","0.0","0.0","0.0","0.0","0.0","0.0"
"344",14,"Zach Pascal",PHI,"5.9","0.0","0.0","2.4","24.0","0.2","0.1","1.3","0.0"
"345",14,"Abram Smith",NO,"0","0","0","0","0","0","0","0","0"
"346",14,"Craig Reynolds",DET,"7.0","0.0","0.0","1.4","10.4","0.0","11.0","46.0","0.0"
"347",14,"Keelan Cole Sr.",LV,"5.6","0.0","0.0","2.0","32.1","0.1","0.0","0.0","0.0"
"348",14,"Tylan Wallace",BAL,"0.4","0.0","0.0","0.2","2.3","0.0","0.0","0.0","0.0"
"349",14,"Kyle Juszczyk",SF,"4.9","0.0","0.0","2.0","19.7","0.1","0.5","1.5","0.1"
"350",14,"Geoff Swaim",TEN,"4.4","0.0","0.0","1.9","13.1","0.2","0.0","0.0","0.0"
"351",14,"Juwan Johnson",NO,"4.1","0.0","0.0","1.0","12.2","0.3","0.0","0.0","0.0"
"352",14,"Tony Jones Jr.",NO,"2.2","0.0","0.0","0.5","2.9","0.0","5.4","14.2","0.0"
"353",15,"Will Dissly",SEA,"3.9","0.0","0.0","1.6","17.8","0.1","0.0","0.0","0.0"
"354",15,"Freddie Swain",SEA,"5.1","0.0","0.0","1.5","20.2","0.2","0.3","1.9","0.0"
"355",15,"Mack Hollins",LV,"3.8","0.0","0.0","0.9","13.9","0.3","0.0","0.0","0.0"
"356",15,"Tyler Huntley",BAL,"12.4","154.4","0.4","0.0","0.0","0.0","6.7","42.0","0.3"
"357",15,"Ty Chandler",MIN,"0","0","0","0","0","0","0","0","0"
"358",15,"Eric Ebron",FA,"4.1","0.0","0.0","1.5","10.5","0.1","0.1","0.1","0.1"
"359",15,"Anthony McFarland Jr.",PIT,"0.8","0.0","0.0","0.3","3.7","0.0","1.0","1.0","0.0"
"360",15,"Jamal Agnew",JAC,"6.3","0.0","0.0","2.0","19.1","0.1","0.6","9.3","0.1"
"361",15,"N'Keal Harry",CHI,"2.8","0.0","0.0","1.2","18.4","0.0","0.0","0.0","0.0"
"362",15,"Justin Watson",KC,"0","0","0","0","0","0","0","0","0"
"363",15,"Kalif Raymond",DET,"8.3","0.0","0.0","3.0","36.0","0.3","0.3","1.8","0.0"
"364",15,"Jeremy Ruckert",NYJ,"0","0","0","0","0","0","0","0","0"
"365",15,"Tarik Cohen",FA,"0.0","0.0","0.0","0.0","0.0","0.0","0.0","0.0","0.0"
"366",15,"Kevin Harris",NE,"0","0","0","0","0","0","0","0","0"
"367",15,"Demetric Felton Jr.",CLE,"3.4","0.0","0.0","1.2","12.1","0.1","0.5","1.6","0.0"
"368",15,"Auden Tate",FA,"3.2","0.0","0.0","0.8","9.8","0.3","0.0","0.0","0.0"
"369",15,"Mike Boone",DEN,"2.6","0.0","0.0","0.7","7.3","0.0","1.3","11.7","0.0"
"370",15,"Blake Jarwin",FA,"4.1","0.0","0.0","1.4","12.0","0.3","0.0","0.0","0.0"
"371",15,"Ben Skowronek",LAR,"2.0","0.0","0.0","0.9","11.1","0.0","0.0","0.0","0.0"
"372",15,"Carlos Hyde",FA,"3.8","0.0","0.0","1.0","5.4","0.0","6.0","21.1","0.1"
"373",15,"Chris Herndon IV",FA,"2.3","0.0","0.0","0.7","6.7","0.2","0.0","0.0","0.0"
"374",15,"Ihmir Smith-Marsette",MIN,"4.8","0.0","0.0","0.8","19.3","0.3","0.0","0.0","0.0"
"375",15,"Phillip Dorsett II",HOU,"3.6","0.0","0.0","1.4","22.0","0.0","0.2","0.0","0.0"
"376",15,"Denzel Mims",NYJ,"2.1","0.0","0.0","0.8","13.3","0.0","0.0","0.0","0.0"
"377",15,"Durham Smythe",MIA,"4.4","0.0","0.0","2.1","22.3","0.0","0.1","0.2","0.0"
"378",15,"Antoine Wesley",ARI,"7.2","0.0","0.0","2.4","26.0","0.4","0.0","0.0","0.0"
"379",15,"Ian Thomas",CAR,"2.6","0.0","0.0","1.3","13.4","0.0","0.0","0.0","0.0"
"380",15,"Joe Flacco",NYJ,"11.9","169.0","1.5","0.0","0.0","0.0","1.0","1.5","0.0"
"381",15,"Jake Ferguson",DAL,"0","0","0","0","0","0","0","0","0"
"382",15,"Dare Ogunbowale",HOU,"3.9","0.0","0.0","1.0","8.8","0.1","3.3","10.5","0.1"
"383",15,"JaMycal Hasty",SF,"4.5","0.0","0.0","2.1","14.3","0.0","1.5","6.2","0.1"
"384",15,"Jordan Akins",NYG,"3.5","0.0","0.0","2.0","17.8","0.0","0.1","0.3","0.0"
"385",15,"Tyrell Williams",FA,"3.4","0.0","0.0","2.0","14.0","0.0","0.0","0.0","0.0"
"386",15,"Simi Fehoko",DAL,"0","0","0","0","0","0","0","0","0"
"387",15,"Kylin Hill",GB,"0.5","0.0","0.0","0.1","0.6","0.0","1.3","3.0","0.0"
"388",15,"James O'Shaughnessy",CHI,"7.2","0.0","0.0","3.4","34.9","0.0","0.0","0.0","0.0"
"389",15,"Justice Hill",BAL,"0","0","0","0","0","0","0","0","0"
"390",15,"Julius Chestnut",TEN,"0","0","0","0","0","0","0","0","0"
"391",15,"Jeremy McNichols",PIT,"5.7","0.0","0.0","2.2","18.5","0.1","3.2","12.0","0.0"
"392",15,"DeSean Jackson",FA,"5.4","0.0","0.0","1.4","32.4","0.1","0.1","0.3","0.0"
"393",15,"Chris Moore",HOU,"5.6","0.0","0.0","2.1","22.7","0.2","0.0","0.0","0.0"
"394",15,"Chigoziem Okonkwo",TEN,"0","0","0","0","0","0","0","0","0"
"395",15,"Kennedy Brooks",PHI,"0","0","0","0","0","0","0","0","0"
"396",15,"Le'Veon Bell",FA,"4.8","0.0","0.0","0.6","3.8","0.1","4.9","12.6","0.3"
"397",15,"Jordan Mason",SF,"0","0","0","0","0","0","0","0","0"
"398",15,"Royce Freeman",HOU,"2.9","0.0","0.0","0.8","6.4","0.0","4.7","14.1","0.0"
"399",15,"Jimmy Graham",FA,"4.6","0.0","0.0","1.3","15.2","0.3","0.0","0.0","0.0"
"400",15,"Jalen Wydermyer",NE,"0","0","0","0","0","0","0","0","0"
"401",15,"Gary Brightwell",NYG,"0.3","0.0","0.0","0.1","0.9","0.0","0.1","0.6","0.0"
"402",15,"Justyn Ross",KC,"0","0","0","0","0","0","0","0","0"
"403",15,"Jashaun Corbin",NYG,"0","0","0","0","0","0","0","0","0"
"404",15,"Jordan Howard",FA,"8.9","0.0","0.0","0.3","2.7","0.0","12.3","58.0","0.4"
"405",15,"Qadree Ollison",ATL,"3.3","0.0","0.0","0.7","2.0","0.0","3.5","17.5","0.2"
"406",15,"Jermar Jefferson",DET,"5.1","0.0","0.0","0.8","4.6","0.0","3.0","14.8","0.4"
"407",15,"Jacob Harris",LAR,"0.0","0.0","0.0","0.0","0.0","0.0","0.0","0.0","0.0"
"408",15,"Ryan Griffin",CHI,"4.6","0.0","0.0","1.9","18.6","0.1","0.0","0.0","0.0"
"409",15,"Larry Rountree III",LAC,"1.6","0.0","0.0","0.1","-0.1","0.0","3.6","8.7","0.1"
"410",15,"Ryquell Armstead",JAC,"6.3","0.0","0.0","1.5","8.0","0.0","7.5","40.0","0.0"
"411",15,"Dennis Houston",DAL,"0","0","0","0","0","0","0","0","0"
"412",15,"Sam Howell",WAS,"0","0","0","0","0","0","0","0","0"
"413",15,"DeAndre Carter",LAC,"5.1","0.0","0.0","1.4","17.4","0.2","0.6","5.2","0.0"
"414",15,"Jonathan Ward",ARI,"1.1","0.0","0.0","0.3","3.8","0.0","1.0","3.7","0.0"
"415",15,"Patrick Ricard",BAL,"2.6","0.0","0.0","1.0","7.9","0.1","0.3","0.5","0.0"
"416",15,"Tyler Kroft",SF,"4.4","0.0","0.0","1.8","19.2","0.1","0.0","0.0","0.0"
"417",15,"Tajae Sharpe",CHI,"3.4","0.0","0.0","1.8","16.4","0.0","0.0","0.0","0.0"
"418",15,"Montrell Washington",DEN,"0","0","0","0","0","0","0","0","0"
"419",15,"Maxx Williams",ARI,"8.3","0.0","0.0","3.2","38.6","0.2","0.0","0.0","0.0"
"420",15,"Blake Bell",KC,"1.6","0.0","0.0","0.8","7.3","0.0","0.3","0.8","0.0"
"421",15,"Tyler Davis",GB,"0.9","0.0","0.0","0.5","4.4","0.0","0.0","0.0","0.0"
"422",15,"Tyrod Taylor",NYG,"14.5","161.0","0.8","0.0","0.0","0.0","3.2","25.2","0.5"
"423",15,"Dez Fitzpatrick",TEN,"5.3","0.0","0.0","1.7","16.3","0.3","0.0","0.0","0.0"
"424",15,"C.J. Ham",MIN,"2.2","0.0","0.0","1.1","8.3","0.0","0.5","2.3","0.0"
"425",16,"Gardner Minshew II",PHI,"11.6","146.3","1.3","0.0","0.0","0.0","3.0","7.0","0.0"
"426",16,"Antonio Williams",NYG,"0","0","0","0","0","0","0","0","0"
"427",16,"Elijah McGuire",FA,"0.0","0.0","0.0","0.0","0.0","0.0","0.0","0.0","0.0"
"428",16,"Noah Gray",KC,"2.4","0.0","0.0","1.0","5.1","0.1","0.0","0.0","0.0"
"429",16,"Erik Ezukanma",MIA,"0","0","0","0","0","0","0","0","0"
"430",16,"Miles Boykin",PIT,"0.8","0.0","0.0","0.5","3.0","0.0","0.0","0.0","0.0"
"431",16,"Zach Gentry",PIT,"3.6","0.0","0.0","1.9","16.7","0.0","0.0","0.0","0.0"
"432",16,"Case Keenum",BUF,"5.9","92.4","0.6","0.0","0.0","0.0","2.4","4.4","0.0"
"433",16,"Taylor Heinicke",WAS,"14.9","213.7","1.3","0.1","-0.1","0.0","3.8","19.6","0.1"
"434",16,"Ray-Ray McCloud",SF,"4.1","0.0","0.0","2.4","17.3","0.0","0.1","0.9","0.0"
"435",16,"Jordan Love",GB,"4.0","68.5","0.3","0.0","0.0","0.0","2.0","4.5","0.0"
"436",16,"Andy Dalton",NO,"11.7","189.4","1.0","0.0","0.0","0.0","2.0","9.5","0.0"
"437",16,"Keith Smith",ATL,"1.4","0.0","0.0","0.7","4.3","0.0","0.7","2.4","0.0"
"438",16,"Rico Dowdle",DAL,"0","0","0","0","0","0","0","0","0"
"439",16,"Brandon Zylstra",CAR,"4.1","0.0","0.0","1.5","20.8","0.1","0.0","0.0","0.0"
"440",16,"Trent Sherfield",MIA,"2.0","0.0","0.0","0.8","7.3","0.1","0.0","0.0","0.0"
"441",16,"ZaQuandre White",MIA,"0","0","0","0","0","0","0","0","0"
"442",16,"Nick Boyle",BAL,"0.6","0.0","0.0","0.5","1.0","0.0","0.0","0.0","0.0"
"443",16,"Cole Turner",WAS,"0","0","0","0","0","0","0","0","0"
"444",16,"Mike Thomas",CIN,"1.5","0.0","0.0","0.7","7.4","0.0","0.0","0.0","0.0"
"445",16,"Jaelon Darden",TB,"1.3","0.0","0.0","0.7","4.8","0.0","0.1","1.2","0.0"
"446",16,"Marcedes Lewis",GB,"3.4","0.0","0.0","1.8","16.5","0.0","0.0","0.0","0.0"
"447",16,"Cyril Grayson Jr.",FA,"14.9","0.0","0.0","3.3","70.7","0.7","0.3","4.7","0.0"
"448",16,"Brycen Hopkins",LAR,"1.9","0.0","0.0","1.0","9.0","0.0","0.0","0.0","0.0"
"449",16,"Godwin Igwebuike",DET,"1.2","0.0","0.0","0.5","4.0","0.0","1.2","7.9","0.1"
"450",16,"Tyler Goodson",GB,"0","0","0","0","0","0","0","0","0"
"451",16,"Damoun Patterson",FA,"0","0","0","0","0","0","0","0","0"
"452",16,"Alec Ingold",MIA,"3.5","0.0","0.0","1.4","12.1","0.1","0.3","0.1","0.0"
"453",16,"Hunter Long",MIA,"0.6","0.0","0.0","0.3","2.7","0.0","0.0","0.0","0.0"
"454",16,"Jody Fortson",KC,"5.4","0.0","0.0","1.3","11.8","0.5","0.0","0.0","0.0"
"455",16,"Johnny Mundt",MIN,"0.6","0.0","0.0","0.3","3.0","0.0","0.0","0.0","0.0"
"456",16,"Drew Sample",CIN,"1.9","0.0","0.0","1.1","8.1","0.0","0.0","0.0","0.0"
"457",16,"Jake Funk",LAR,"0.1","0.0","0.0","0.0","0.0","0.0","0.4","1.0","0.0"
"458",16,"Breshad Perriman",TB,"6.7","0.0","0.0","2.2","33.4","0.2","0.2","-0.6","0.0"
"459",16,"Damiere Byrd",ATL,"5.9","0.0","0.0","2.4","29.9","0.1","0.0","0.0","0.0"
"460",16,"David Sills V",NYG,"0.9","0.0","0.0","0.5","4.3","0.0","0.0","0.0","0.0"
"461",16,"Tre' McKitty",LAC,"1.8","0.0","0.0","1.0","7.5","0.0","0.0","0.0","0.0"
"462",16,"Bo Melton",SEA,"0","0","0","0","0","0","0","0","0"
"463",16,"Ross Dwelley",SF,"3.8","0.0","0.0","1.0","12.8","0.3","0.0","0.0","0.0"
"464",16,"Samori Toure",GB,"0","0","0","0","0","0","0","0","0"
"465",16,"Kendall Hinton",DEN,"3.5","0.1","0.0","1.4","15.9","0.1","0.0","0.0","0.0"
"466",16,"D'Vonte Price",IND,"0","0","0","0","0","0","0","0","0"
"467",16,"Preston Williams",MIA,"2.3","0.0","0.0","1.0","11.8","0.0","0.2","1.2","0.0"
"468",16,"Josh Gordon",KC,"1.6","0.0","0.0","0.6","3.6","0.1","0.0","0.0","0.0"
"469",16,"Lance McCutcheon",LAR,"0","0","0","0","0","0","0","0","0"
"470",16,"Charlie Kolar",BAL,"0","0","0","0","0","0","0","0","0"
"471",16,"Colby Parkinson",SEA,"1.4","0.0","0.0","0.8","5.5","0.0","0.0","0.0","0.0"
"472",16,"Devin Asiasi",NE,"0","0","0","0","0","0","0","0","0"
"473",16,"Pooka Williams Jr.",FA,"0.0","0.0","0.0","0.0","0.0","0.0","0.0","0.0","0.0"
"474",16,"Chester Rogers",HOU,"4.1","0.0","0.0","1.9","18.8","0.1","0.1","0.6","0.0"
"475",16,"James Mitchell",DET,"0","0","0","0","0","0","0","0","0"
"476",16,"Marcus Johnson",SF,"3.5","0.0","0.0","1.3","22.9","0.0","0.3","-0.3","0.0"
"477",16,"Bisi Johnson",MIN,"0","0","0","0","0","0","0","0","0"
"478",16,"Dazz Newsome",FA,"1.4","0.0","0.0","0.7","7.7","0.0","0.0","0.0","0.0"
"479",16,"Marquise Goodwin",SEA,"4.1","0.0","0.0","1.4","22.4","0.1","0.1","-0.1","0.0"
"480",16,"Davion Davis",FA,"1.4","0.0","0.0","0.5","8.5","0.0","0.0","0.0","0.0"
"481",16,"Scotty Miller",TB,"3.2","0.0","0.0","0.8","6.3","0.0","0.3","7.2","0.2"
"482",16,"Lil'Jordan Humphrey",NE,"6.2","0.0","0.0","1.6","31.1","0.3","0.0","0.0","0.0"
"483",16,"Brock Wright",DET,"4.5","0.0","0.0","1.5","14.6","0.3","0.0","0.0","0.0"
"484",16,"Cam Sims",WAS,"4.1","0.0","0.0","1.3","17.6","0.2","0.1","0.6","0.0"
"485",16,"Sean McKeon",DAL,"2.5","0.0","0.0","0.8","5.4","0.2","0.0","0.0","0.0"
"486",16,"Trayveon Williams",CIN,"1.6","0.0","0.0","0.3","1.0","0.0","3.8","12.8","0.0"
"487",16,"Juwann Winfree",GB,"2.4","0.0","0.0","1.6","11.6","0.0","0.0","0.0","0.0"
"488",16,"Derek Watt",PIT,"0.4","0.0","0.0","0.3","1.4","0.0","0.1","0.1","0.0"
"489",16,"Jakob Johnson",LV,"1.2","0.0","0.0","0.6","6.1","0.0","0.0","0.0","0.0"
"490",16,"Zonovan Knight",NYJ,"0","0","0","0","0","0","0","0","0"
"491",16,"Sincere McCormick",LV,"0","0","0","0","0","0","0","0","0"
"492",16,"Nick Vannett",NO,"4.0","0.0","0.0","1.3","19.0","0.1","0.0","0.0","0.0"
"493",16,"Jalen Nailor",MIN,"0","0","0","0","0","0","0","0","0"
"494",16,"Deon Jackson",IND,"1.8","0.0","0.0","0.0","0.0","0.0","2.6","6.2","0.2"
"495",16,"Adrian Peterson",FA,"6.7","0.0","0.0","1.0","2.0","0.0","9.5","24.5","0.5"
"496",16,"Reggie Gilliam",BUF,"0.7","0.0","0.0","0.4","2.9","0.0","0.4","0.4","0.0"
"497",16,"Seth Williams",DEN,"4.4","0.0","0.0","1.0","34.0","0.0","0.0","0.0","0.0"
"498",16,"Jonathan Ward",FA,"0","0","0","0","0","0","0","0","0"
"499",16,"Dezmon Patmon",IND,"2.5","0.0","0.0","0.5","5.3","0.3","0.0","0.0","0.0"
"500",16,"Stephen Anderson",ARI,"2.8","0.0","0.0","1.1","11.8","0.1","0.0","0.0","0.0"
"501",16,"Teagan Quitoriano",HOU,"0","0","0","0","0","0","0","0","0"
"502",16,"KhaDarel Hodge",ATL,"2.6","0.0","0.0","1.1","13.1","0.0","0.0","0.0","0.0"
"503",16,"Greg Dortch",ARI,"1.4","0.0","0.0","0.6","3.0","0.0","0.2","4.8","0.0"
"504",16,"Shi Smith",CAR,"3.2","0.0","0.0","1.2","20.8","0.0","0.2","-0.6","0.0"
"505",16,"Chris Manhertz",JAC,"1.9","0.0","0.0","0.6","7.1","0.1","0.0","0.0","0.0"
"506",16,"Ty'Son Williams",IND,"5.2","0.0","0.0","1.1","10.5","0.0","4.4","23.1","0.1"
"507",16,"Chris Myarick",NYG,"2.1","0.0","0.0","0.6","3.4","0.2","0.0","0.0","0.0"
"508",16,"Richie James Jr.",NYG,"0","0","0","0","0","0","0","0","0"
"509",16,"J.J. Taylor",NE,"3.7","0.0","0.0","0.8","1.6","0.0","3.8","7.4","0.4"
"510",16,"Michael Burton",KC,"1.5","0.0","0.0","0.3","3.1","0.0","0.8","2.6","0.1"
"511",16,"Mohamed Sanu Sr.",MIA,"4.1","0.0","0.0","1.9","22.1","0.0","0.0","0.0","0.0"
"512",16,"Adam Prentice",NO,"1.0","0.0","0.0","0.6","3.2","0.0","0.6","1.0","0.0"
"513",16,"Greg Bell",FA,"0","0","0","0","0","0","0","0","0"
"514",16,"Malik Turner",SF,"6.4","0.0","0.0","1.7","21.3","0.4","0.0","0.0","0.0"
"515",16,"Stanley Morgan Jr.",CIN,"0.3","0.0","0.0","0.2","1.0","0.0","0.1","0.3","0.0"
"516",16,"Racey McMath",TEN,"0.1","0.0","0.0","0.3","1.3","0.0","0.0","0.0","0.0"
"517",16,"Jesse James",FA,"3.8","0.0","0.0","1.4","12.4","0.2","0.0","0.0","0.0"
"518",16,"Kendall Blanton",WAS,"1.9","0.0","0.0","1.0","9.3","0.0","0.0","0.0","0.0"
"519",16,"Tyler Vaughns",PIT,"0","0","0","0","0","0","0","0","0"